,internet_usage,sex,age,education
0,0,Female,66,Elementary
1,1,Male,72,Elementary
2,1,Male,48,University
3,0,Male,59,PhD
4,1,Female,44,PhD
5,1,Female,34,PhD
6,1,Female,49,PhD
7,1,Male,43,University
8,1,Male,23,Elementary
9,1,Male,29,Higher Level
10,0,Female,73,Elementary
11,0,Female,42,Elementary
12,1,Female,26,Elementary
13,0,Female,48,Elementary
14,0,Male,79,No studies
15,1,Male,38,Elementary
16,0,Female,61,Elementary
17,1,Male,34,Higher Level
18,1,Female,40,Elementary
19,1,Female,19,Elementary
20,1,Female,30,High School
21,0,Female,84,Elementary
22,0,Male,51,Elementary
23,1,Male,62,PhD
24,0,Male,37,Elementary
25,0,Female,67,Elementary
26,1,Female,24,Higher Level
27,0,Male,52,Elementary
28,0,Male,70,No studies
29,1,Male,25,Elementary
30,0,Female,27,Elementary
31,1,Female,43,PhD
32,1,Male,24,University
33,0,Female,65,No studies
34,0,Female,63,Elementary
35,0,Female,32,Higher Level
36,1,Male,22,High School
37,0,Male,61,Elementary
38,1,Male,49,High School
39,0,Female,54,Elementary
40,1,Male,31,Elementary
41,0,Female,42,Elementary
42,1,Male,22,University
43,0,Female,65,Elementary
44,0,Female,43,Elementary
45,1,Male,64,University
46,0,Female,29,Elementary
47,1,Male,26,Elementary
48,1,Female,29,PhD
49,0,Male,54,High School
50,0,Female,90,Elementary
51,0,Male,79,No studies
52,0,Male,38,Elementary
53,0,Male,65,Elementary
54,0,Female,61,Elementary
55,0,Female,53,High School
56,1,Male,39,Elementary
57,0,Female,74,Elementary
58,1,Female,29,High School
59,0,Female,49,Elementary
60,0,Male,54,Elementary
61,0,Male,64,Elementary
62,0,Male,29,Elementary
63,1,Male,19,Higher Level
64,0,Female,44,Elementary
65,1,Female,31,Elementary
66,1,Male,40,Elementary
67,0,Female,30,Elementary
68,0,Male,46,Elementary
69,1,Male,34,Elementary
70,0,Female,76,No studies
71,0,Male,74,No studies
72,0,Female,61,No studies
73,0,Female,50,Elementary
74,0,Female,57,Elementary
75,0,Female,66,Elementary
76,1,Male,25,Elementary
77,1,Female,40,University
78,0,Male,58,Elementary
79,0,Male,73,Elementary
80,1,Female,27,PhD
81,0,Male,41,Higher Level
82,0,Male,51,Higher Level
83,0,Male,47,Elementary
84,0,Male,43,Elementary
85,1,Female,23,Elementary
86,1,Female,29,Elementary
87,1,Female,47,PhD
88,0,Female,61,No studies
89,1,Male,21,High School
90,0,Male,39,Elementary
91,1,Female,32,Elementary
92,1,Male,34,Higher Level
93,1,Female,47,Higher Level
94,0,Female,66,Elementary
95,0,Male,73,No studies
96,0,Male,63,No studies
97,0,Female,40,Elementary
98,1,Male,39,Elementary
99,0,Female,73,No studies
100,0,Male,37,Elementary
101,0,Female,58,No studies
102,0,Female,37,High School
103,1,Male,33,Elementary
104,1,Female,23,Elementary
105,0,Male,68,Elementary
106,1,Male,46,Elementary
107,0,Female,44,Elementary
108,1,Female,50,Higher Level
109,0,Male,58,Elementary
110,1,Male,47,Elementary
111,0,Female,56,Elementary
112,0,Male,68,University
113,1,Male,29,PhD
114,1,Male,36,Elementary
115,1,Female,32,PhD
116,0,Female,65,No studies
117,1,Female,32,Elementary
118,0,Male,38,Elementary
119,1,Female,19,High School
120,0,Male,61,Elementary
121,1,Female,40,Elementary
122,1,Female,46,High School
123,1,Female,40,High School
124,0,Female,75,Elementary
125,0,Male,71,University
126,1,Male,18,Elementary
127,1,Male,30,University
128,0,Female,64,Elementary
129,1,Female,33,Elementary
130,1,Male,40,Higher Level
131,0,Female,71,Elementary
132,0,Male,71,No studies
133,1,Female,45,Elementary
134,0,Male,50,No studies
135,1,Male,24,Elementary
136,0,Male,82,Elementary
137,0,Female,77,No studies
138,0,Male,60,Elementary
139,0,Female,49,Elementary
140,1,Male,47,Elementary
141,1,Male,22,Elementary
142,0,Female,37,Elementary
143,1,Female,20,Higher Level
144,0,Female,56,Elementary
145,0,Female,73,No studies
146,1,Male,34,Elementary
147,1,Female,26,Elementary
148,1,Female,41,Elementary
149,0,Male,79,No studies
150,0,Male,51,Elementary
151,0,Male,43,Elementary
152,0,Female,55,Elementary
153,1,Male,31,Elementary
154,1,Female,18,Elementary
155,0,Female,37,Elementary
156,0,Female,25,High School
157,0,Male,39,High School
158,1,Male,59,Elementary
159,0,Female,65,Elementary
160,1,Male,21,Elementary
161,1,Male,32,Elementary
162,0,Male,80,Elementary
163,0,Male,80,Elementary
164,0,Male,83,No studies
165,0,Female,74,Elementary
166,0,Male,35,Higher Level
167,1,Female,43,Higher Level
168,0,Female,33,Elementary
169,0,Female,62,Elementary
170,1,Female,48,High School
171,1,Male,41,Elementary
172,1,Female,29,High School
173,1,Male,45,Elementary
174,0,Female,76,University
175,0,Male,54,Elementary
176,0,Female,76,Elementary
177,1,Male,20,High School
178,1,Male,42,University
179,1,Male,25,Higher Level
180,0,Male,57,Elementary
181,0,Female,70,Elementary
182,0,Female,33,Elementary
183,1,Female,44,PhD
184,0,Female,56,University
185,1,Male,53,Higher Level
186,1,Male,65,High School
187,1,Female,29,University
188,1,Male,44,Higher Level
189,0,Female,55,High School
190,1,Female,54,University
191,1,Female,43,PhD
192,0,Male,62,Elementary
193,0,Female,67,Elementary
194,1,Male,19,Elementary
195,0,Female,74,Elementary
196,0,Female,27,High School
197,0,Male,34,Elementary
198,0,Male,54,Elementary
199,0,Male,75,Elementary
200,0,Male,28,Elementary
201,1,Male,46,Elementary
202,1,Male,18,Elementary
203,0,Female,74,No studies
204,1,Female,35,High School
205,0,Female,23,High School
206,0,Male,25,Higher Level
207,1,Female,18,Elementary
208,1,Male,56,Elementary
209,0,Female,33,High School
210,0,Female,43,Elementary
211,0,Male,74,High School
212,1,Female,69,Elementary
213,0,Female,58,Elementary
214,0,Male,48,Elementary
215,0,Male,74,No studies
216,1,Female,39,Higher Level
217,0,Male,44,Elementary
218,0,Female,53,No studies
219,1,Female,19,Elementary
220,1,Male,44,University
221,0,Female,54,Elementary
222,1,Female,38,University
223,0,Female,85,Elementary
224,1,Female,31,University
225,0,Male,71,Elementary
226,1,Male,42,PhD
227,0,Female,57,No studies
228,1,Male,51,University
229,1,Male,64,Elementary
230,1,Male,31,Higher Level
231,0,Female,66,No studies
232,0,Female,31,Elementary
233,0,Male,81,No studies
234,0,Female,47,Elementary
235,0,Female,19,Elementary
236,1,Male,24,Elementary
237,1,Male,48,Elementary
238,1,Male,25,Elementary
239,0,Male,50,Elementary
240,0,Female,38,Elementary
241,1,Female,21,University
242,1,Female,34,High School
243,0,Female,65,High School
244,0,Male,35,Elementary
245,1,Male,37,Elementary
246,1,Female,64,Elementary
247,1,Male,47,University
248,1,Female,19,Elementary
249,1,Male,38,Higher Level
250,1,Male,28,Higher Level
251,1,Female,33,Higher Level
252,0,Female,75,Elementary
253,1,Male,73,High School
254,1,Female,41,University
255,1,Male,54,Elementary
256,1,Male,23,Elementary
257,1,Male,32,University
258,0,Male,60,Elementary
259,0,Female,58,PhD
260,1,Female,47,University
261,0,Female,71,Elementary
262,1,Female,35,University
263,1,Female,30,Higher Level
264,1,Male,41,PhD
265,0,Male,82,Elementary
266,1,Female,26,University
267,1,Female,28,Elementary
268,1,Male,25,PhD
269,1,Female,43,PhD
270,0,Female,84,Elementary
271,1,Male,38,PhD
272,1,Male,48,High School
273,0,Female,74,Elementary
274,1,Female,37,University
275,0,Female,72,Elementary
276,0,Male,69,Elementary
277,1,Male,29,PhD
278,1,Female,29,University
279,0,Female,52,Elementary
280,1,Female,53,High School
281,1,Male,35,PhD
282,1,Female,24,PhD
283,0,Female,83,Higher Level
284,1,Male,32,Higher Level
285,0,Female,57,Elementary
286,1,Male,39,Higher Level
287,1,Female,39,Higher Level
288,0,Female,64,Elementary
289,1,Female,33,University
290,1,Male,56,University
291,0,Male,57,Elementary
292,0,Female,48,Higher Level
293,0,Male,70,Elementary
294,1,Male,29,Higher Level
295,0,Female,66,Elementary
296,0,Male,69,Elementary
297,1,Male,28,PhD
298,1,Male,41,High School
299,0,Female,81,Elementary
300,1,Female,51,High School
301,1,Female,56,High School
302,1,Male,20,High School
303,1,Male,38,University
304,0,Male,53,Elementary
305,1,Male,37,Higher Level
306,1,Male,24,Higher Level
307,0,Male,40,Higher Level
308,1,Female,24,Elementary
309,1,Male,29,Higher Level
310,0,Female,75,Elementary
311,1,Female,35,High School
312,1,Female,34,Elementary
313,1,Male,34,Higher Level
314,1,Female,35,PhD
315,0,Male,61,High School
316,0,Female,72,Elementary
317,1,Female,25,Higher Level
318,0,Female,64,Elementary
319,1,Male,49,High School
320,1,Male,41,University
321,1,Male,32,Elementary
322,1,Male,24,Elementary
323,1,Female,18,Higher Level
324,0,Female,56,Elementary
325,1,Male,35,PhD
326,1,Male,65,Elementary
327,0,Female,46,Higher Level
328,0,Female,86,Elementary
329,0,Male,60,PhD
330,1,Female,26,PhD
331,0,Female,85,No studies
332,1,Male,18,High School
333,1,Female,23,Elementary
334,1,Male,20,High School
335,0,Female,70,Higher Level
336,0,Female,31,Elementary
337,0,Female,51,High School
338,1,Male,27,Higher Level
339,0,Female,69,Elementary
340,1,Male,32,Higher Level
341,1,Male,32,Higher Level
342,1,Male,39,PhD
343,0,Female,48,Elementary
344,0,Male,56,Elementary
345,1,Female,21,High School
346,1,Female,41,Higher Level
347,1,Male,54,Elementary
348,0,Female,32,Elementary
349,1,Male,53,Elementary
350,1,Female,26,Elementary
351,0,Female,51,Elementary
352,0,Female,67,Elementary
353,0,Male,60,Elementary
354,0,Male,70,Elementary
355,1,Male,41,Higher Level
356,1,Female,39,PhD
357,0,Female,51,Higher Level
358,1,Male,28,University
359,0,Female,64,Elementary
360,1,Male,41,Higher Level
361,1,Male,55,PhD
362,1,Male,32,PhD
363,1,Male,33,Higher Level
364,1,Female,43,Elementary
365,1,Female,25,Elementary
366,1,Female,67,High School
367,0,Male,55,Elementary
368,0,Female,47,Elementary
369,0,Male,65,Higher Level
370,0,Male,59,No studies
371,1,Female,45,High School
372,0,Female,71,Higher Level
373,1,Female,35,PhD
374,1,Female,24,University
375,0,Male,82,Elementary
376,1,Male,18,High School
377,1,Male,28,PhD
378,1,Male,44,PhD
379,1,Female,18,Elementary
380,0,Female,81,No studies
381,0,Male,73,Elementary
382,1,Male,51,Elementary
383,1,Female,28,Elementary
384,1,Male,22,Elementary
385,1,Male,43,Higher Level
386,0,Female,43,Higher Level
387,1,Male,33,University
388,0,Female,65,Elementary
389,0,Male,64,Elementary
390,1,Male,27,University
391,0,Female,50,Elementary
392,1,Female,33,PhD
393,0,Female,81,Higher Level
394,0,Female,68,High School
395,1,Male,45,Elementary
396,1,Male,40,High School
397,1,Female,45,PhD
398,1,Female,42,Higher Level
399,1,Female,41,Elementary
400,1,Female,48,Higher Level
401,1,Female,73,Elementary
402,0,Male,68,No studies
403,1,Female,28,PhD
404,1,Female,22,Higher Level
405,0,Female,61,Elementary
406,1,Male,23,Higher Level
407,0,Male,78,Elementary
408,1,Male,53,Elementary
409,1,Male,33,Higher Level
410,0,Female,68,Elementary
411,0,Female,55,Elementary
412,1,Male,31,Elementary
413,1,Female,21,High School
414,1,Male,33,PhD
415,0,Female,77,Elementary
416,1,Female,45,High School
417,1,Male,66,Higher Level
418,0,Female,63,Elementary
419,1,Male,21,High School
420,1,Male,41,PhD
421,1,Male,49,Elementary
422,1,Female,32,Higher Level
423,0,Male,67,Elementary
424,1,Female,29,Elementary
425,0,Male,74,No studies
426,1,Male,40,High School
427,0,Male,30,Elementary
428,1,Male,30,Elementary
429,1,Male,36,Elementary
430,0,Female,65,No studies
431,1,Male,81,Elementary
432,0,Female,63,No studies
433,1,Female,24,PhD
434,1,Female,42,PhD
435,1,Male,52,Elementary
436,1,Female,41,PhD
437,0,Male,71,No studies
438,0,Male,37,Higher Level
439,1,Female,29,University
440,1,Female,51,University
441,1,Male,48,Higher Level
442,0,Female,57,Elementary
443,1,Male,43,High School
444,1,Male,22,Elementary
445,1,Male,35,Higher Level
446,0,Male,90,No studies
447,1,Female,68,University
448,0,Female,41,Elementary
449,1,Male,19,High School
450,1,Male,39,Elementary
451,0,Male,52,Elementary
452,1,Male,19,Higher Level
453,0,Female,34,Elementary
454,1,Male,28,PhD
455,0,Female,58,Elementary
456,0,Male,64,Elementary
457,0,Female,42,University
458,0,Female,69,No studies
459,1,Male,26,High School
460,0,Male,73,Elementary
461,1,Male,50,High School
462,0,Female,43,Higher Level
463,0,Female,82,Elementary
464,0,Female,55,Higher Level
465,1,Male,35,Higher Level
466,0,Female,79,No studies
467,1,Female,33,Higher Level
468,1,Male,30,Elementary
469,0,Male,57,Higher Level
470,1,Male,30,University
471,1,Male,32,University
472,0,Female,63,Elementary
473,1,Female,50,Higher Level
474,1,Female,44,Higher Level
475,0,Female,71,No studies
476,0,Female,42,Elementary
477,0,Female,47,Elementary
478,1,Female,24,Higher Level
479,1,Male,55,University
480,1,Male,32,High School
481,1,Female,32,PhD
482,0,Female,78,Elementary
483,0,Female,73,No studies
484,0,Female,60,Elementary
485,1,Female,33,Elementary
486,0,Female,35,Elementary
487,0,Female,52,Elementary
488,1,Male,31,Higher Level
489,0,Male,49,Elementary
490,1,Male,35,High School
491,1,Male,28,Elementary
492,1,Female,38,Elementary
493,1,Female,30,University
494,1,Male,56,Elementary
495,1,Female,30,High School
496,1,Female,37,PhD
497,1,Male,31,University
498,0,Female,64,Elementary
499,1,Male,50,High School
500,1,Male,55,PhD
501,0,Female,43,High School
502,1,Male,37,Elementary
503,1,Male,49,Elementary
504,1,Male,21,Elementary
505,0,Male,57,Higher Level
506,1,Female,21,Elementary
507,1,Male,38,Elementary
508,0,Male,70,Elementary
509,0,Female,57,Elementary
510,0,Female,82,No studies
511,0,Female,40,Elementary
512,0,Female,72,No studies
513,1,Male,36,Higher Level
514,0,Male,65,Elementary
515,1,Male,23,Elementary
516,1,Female,29,High School
517,1,Male,48,High School
518,0,Female,41,Elementary
519,0,Female,57,Elementary
520,1,Female,47,PhD
521,0,Female,70,Elementary
522,1,Male,60,PhD
523,1,Female,18,Elementary
524,1,Male,40,PhD
525,1,Female,35,High School
526,1,Male,46,Higher Level
527,1,Female,55,High School
528,1,Male,60,Elementary
529,1,Male,29,Higher Level
530,1,Female,34,Higher Level
531,1,Female,39,Higher Level
532,1,Female,19,High School
533,1,Male,47,High School
534,0,Male,65,Elementary
535,1,Female,35,Higher Level
536,0,Male,54,Elementary
537,1,Male,60,Higher Level
538,0,Female,78,Elementary
539,0,Female,26,Higher Level
540,0,Female,59,University
541,1,Male,33,Higher Level
542,1,Female,33,High School
543,1,Male,58,University
544,0,Male,80,Elementary
545,1,Female,47,Higher Level
546,1,Female,43,PhD
547,1,Male,46,PhD
548,1,Female,20,Higher Level
549,1,Male,37,PhD
550,0,Female,85,PhD
551,0,Female,75,Elementary
552,0,Male,80,Elementary
553,1,Male,33,High School
554,0,Female,77,No studies
555,0,Female,52,Elementary
556,0,Male,37,Elementary
557,0,Female,57,Elementary
558,1,Male,28,Higher Level
559,0,Male,62,Elementary
560,0,Male,33,Elementary
561,1,Male,50,PhD
562,0,Male,75,Elementary
563,1,Female,26,PhD
564,1,Female,41,University
565,1,Female,35,Elementary
566,1,Female,34,PhD
567,1,Female,44,University
568,1,Male,18,Elementary
569,1,Male,26,High School
570,0,Female,62,Elementary
571,0,Male,54,High School
572,0,Male,64,Higher Level
573,1,Male,36,PhD
574,0,Female,31,Higher Level
575,1,Female,54,University
576,0,Female,41,High School
577,1,Female,20,University
578,1,Female,65,High School
579,0,Male,53,Higher Level
580,0,Female,65,University
581,0,Male,76,Elementary
582,0,Female,58,Elementary
583,1,Female,46,University
584,0,Male,23,Elementary
585,0,Female,80,No studies
586,1,Male,43,Elementary
587,1,Female,37,High School
588,1,Male,28,Elementary
589,1,Female,47,High School
590,0,Female,86,No studies
591,0,Male,48,Elementary
592,0,Male,74,Elementary
593,1,Male,35,Elementary
594,0,Female,59,Elementary
595,1,Female,26,University
596,1,Male,25,High School
597,0,Male,75,Elementary
598,1,Female,42,Elementary
599,0,Female,84,No studies
600,1,Female,31,Elementary
601,1,Male,32,Elementary
602,1,Male,22,Higher Level
603,0,Male,59,Elementary
604,0,Female,57,Elementary
605,1,Male,40,Higher Level
606,1,Male,46,High School
607,1,Male,43,Higher Level
608,1,Female,43,PhD
609,1,Female,28,PhD
610,1,Male,70,Higher Level
611,1,Female,53,PhD
612,0,Female,27,High School
613,1,Female,40,University
614,1,Male,31,University
615,0,Female,56,Elementary
616,1,Female,27,Higher Level
617,0,Female,75,Elementary
618,0,Male,42,Elementary
619,1,Female,46,Elementary
620,1,Male,48,Higher Level
621,0,Female,81,No studies
622,0,Male,52,Elementary
623,0,Female,30,Elementary
624,1,Male,43,Elementary
625,0,Female,18,Elementary
626,1,Female,42,High School
627,0,Male,72,No studies
628,0,Male,21,Elementary
629,0,Male,63,Elementary
630,1,Female,41,Elementary
631,0,Male,35,No studies
632,0,Female,72,No studies
633,0,Female,61,No studies
634,1,Male,20,Elementary
635,0,Female,74,No studies
636,1,Male,63,Elementary
637,1,Male,27,Elementary
638,1,Female,29,Higher Level
639,0,Female,50,Higher Level
640,1,Male,33,Elementary
641,1,Male,25,Higher Level
642,1,Female,51,PhD
643,1,Male,47,High School
644,0,Male,69,Elementary
645,1,Female,26,High School
646,1,Female,18,High School
647,0,Female,67,No studies
648,1,Female,37,University
649,1,Male,43,University
650,1,Male,37,High School
651,1,Male,19,High School
652,1,Male,29,PhD
653,1,Female,34,Elementary
654,0,Female,58,Elementary
655,0,Male,67,No studies
656,0,Female,43,Elementary
657,0,Female,45,Elementary
658,0,Female,77,Elementary
659,1,Male,41,Elementary
660,0,Male,79,No studies
661,1,Male,29,Elementary
662,1,Male,40,Higher Level
663,0,Female,20,Elementary
664,0,Female,26,Elementary
665,0,Female,54,No studies
666,0,Female,57,Elementary
667,0,Female,38,Elementary
668,0,Male,48,Elementary
669,1,Male,26,Elementary
670,0,Male,68,No studies
671,0,Male,26,Elementary
672,0,Female,31,High School
673,0,Female,73,No studies
674,1,Male,38,Elementary
675,1,Female,40,Elementary
676,0,Male,52,Elementary
677,0,Male,66,Elementary
678,1,Female,32,Elementary
679,0,Female,56,Elementary
680,1,Male,28,Elementary
681,0,Female,81,No studies
682,1,Male,21,Elementary
683,0,Female,39,Higher Level
684,0,Male,44,Elementary
685,1,Male,26,University
686,1,Female,45,Elementary
687,0,Male,67,Elementary
688,1,Female,31,University
689,1,Female,32,Higher Level
690,0,Female,44,Elementary
691,0,Female,70,No studies
692,0,Male,75,No studies
693,0,Female,55,Elementary
694,0,Male,50,Higher Level
695,0,Male,62,Elementary
696,1,Male,31,PhD
697,1,Male,40,Higher Level
698,0,Female,59,Elementary
699,1,Male,48,Higher Level
700,0,Female,30,Elementary
701,0,Female,65,University
702,1,Female,45,PhD
703,0,Male,56,Elementary
704,0,Female,58,University
705,1,Male,28,Elementary
706,1,Female,32,PhD
707,0,Female,70,Elementary
708,0,Male,77,No studies
709,0,Male,57,Elementary
710,0,Female,52,Elementary
711,0,Female,39,Elementary
712,0,Male,40,Elementary
713,0,Male,86,Elementary
714,1,Male,20,Elementary
715,0,Female,65,No studies
716,0,Male,40,Elementary
717,0,Male,51,Elementary
718,1,Male,20,Elementary
719,0,Male,70,Elementary
720,1,Female,40,Elementary
721,1,Male,28,University
722,0,Male,44,Elementary
723,0,Female,44,Elementary
724,0,Female,67,Elementary
725,1,Male,34,University
726,0,Male,75,Elementary
727,0,Female,57,Elementary
728,1,Female,18,Elementary
729,1,Male,48,High School
730,1,Male,37,University
731,0,Female,45,Elementary
732,1,Female,23,Elementary
733,1,Male,48,Elementary
734,0,Female,44,Elementary
735,1,Female,29,Elementary
736,0,Male,56,Elementary
737,1,Male,34,Elementary
738,1,Female,32,Higher Level
739,1,Female,42,Elementary
740,0,Male,55,Elementary
741,0,Male,40,Higher Level
742,0,Male,71,Elementary
743,0,Female,62,Elementary
744,1,Female,18,Elementary
745,0,Female,87,No studies
746,0,Female,68,No studies
747,0,Male,55,No studies
748,0,Male,39,Elementary
749,0,Female,57,Elementary
750,0,Male,19,Elementary
751,1,Male,30,Elementary
752,0,Female,46,Elementary
753,1,Female,35,University
754,0,Female,22,Higher Level
755,1,Female,28,Elementary
756,0,Female,70,No studies
757,0,Female,38,Elementary
758,1,Female,45,Elementary
759,0,Male,28,Elementary
760,0,Male,48,Elementary
761,1,Male,36,PhD
762,0,Male,86,No studies
763,0,Male,54,Elementary
764,0,Male,44,Elementary
765,0,Female,37,University
766,1,Male,28,Higher Level
767,0,Male,54,Elementary
768,0,Male,73,Elementary
769,0,Female,73,Elementary
770,0,Female,32,Elementary
771,0,Female,61,Elementary
772,0,Male,68,Elementary
773,0,Female,83,University
774,0,Male,45,Elementary
775,1,Female,30,PhD
776,1,Female,38,Elementary
777,1,Male,24,Elementary
778,0,Female,51,University
779,1,Male,38,Higher Level
780,0,Female,64,Elementary
781,0,Female,74,University
782,0,Female,48,Elementary
783,1,Female,21,Higher Level
784,0,Female,29,Elementary
785,1,Male,31,Higher Level
786,0,Male,71,Elementary
787,1,Male,48,Elementary
788,0,Male,64,High School
789,1,Male,35,Elementary
790,0,Female,60,High School
791,0,Male,63,Elementary
792,1,Male,19,High School
793,0,Male,47,Elementary
794,0,Male,78,Elementary
795,0,Female,52,Elementary
796,1,Female,44,High School
797,0,Female,76,Elementary
798,0,Female,78,No studies
799,1,Male,41,PhD
800,0,Female,63,Elementary
801,1,Female,44,High School
802,0,Female,68,No studies
803,0,Male,66,Elementary
804,1,Male,25,High School
805,1,Female,25,PhD
806,1,Male,46,High School
807,0,Female,67,Elementary
808,0,Female,59,Elementary
809,0,Male,40,Elementary
810,1,Female,25,Higher Level
811,0,Male,76,No studies
812,1,Male,22,Higher Level
813,1,Female,53,High School
814,1,Male,31,Elementary
815,0,Female,42,Elementary
816,0,Male,60,Elementary
817,0,Female,32,High School
818,0,Male,25,Higher Level
819,0,Male,70,Elementary
820,0,Female,80,No studies
821,0,Male,47,Higher Level
822,1,Female,20,High School
823,1,Male,56,PhD
824,0,Male,53,Elementary
825,0,Female,73,No studies
826,0,Female,66,No studies
827,1,Male,33,Elementary
828,1,Female,40,Elementary
829,1,Male,65,Higher Level
830,0,Female,52,Elementary
831,1,Female,26,Higher Level
832,1,Female,26,Higher Level
833,0,Male,52,No studies
834,1,Female,24,Higher Level
835,0,Male,53,High School
836,0,Male,35,Elementary
837,0,Female,69,No studies
838,1,Female,36,University
839,1,Female,25,Higher Level
840,0,Female,69,Elementary
841,0,Male,36,Elementary
842,1,Female,46,University
843,0,Female,60,Elementary
844,1,Male,48,High School
845,1,Female,35,University
846,1,Male,29,PhD
847,1,Male,33,Elementary
848,1,Female,42,PhD
849,0,Female,63,No studies
850,0,Male,59,Elementary
851,1,Male,43,Elementary
852,0,Female,66,No studies
853,0,Female,64,High School
854,1,Male,52,High School
855,1,Female,31,PhD
856,0,Male,87,Elementary
857,0,Female,95,Elementary
858,1,Male,33,Higher Level
859,0,Male,44,Elementary
860,1,Female,46,Elementary
861,1,Female,31,PhD
862,1,Female,63,University
863,1,Male,21,University
864,1,Female,42,Higher Level
865,0,Female,75,High School
866,0,Male,67,Higher Level
867,1,Male,22,High School
868,1,Male,37,Elementary
869,0,Male,54,Elementary
870,0,Male,62,Elementary
871,1,Female,28,Higher Level
872,0,Female,52,Elementary
873,1,Female,41,Higher Level
874,1,Female,65,Higher Level
875,1,Female,30,University
876,0,Male,47,Elementary
877,1,Male,20,Higher Level
878,1,Female,40,Higher Level
879,0,Male,81,Elementary
880,1,Male,44,Elementary
881,1,Male,33,Higher Level
882,1,Female,27,Higher Level
883,1,Male,52,PhD
884,1,Female,66,University
885,0,Male,74,No studies
886,1,Female,19,High School
887,0,Female,38,Higher Level
888,1,Male,35,PhD
889,1,Male,22,High School
890,0,Female,53,PhD
891,1,Female,32,High School
892,1,Male,58,High School
893,1,Female,23,Elementary
894,1,Male,31,PhD
895,0,Female,66,High School
896,1,Male,42,Elementary
897,0,Female,57,Elementary
898,1,Male,73,PhD
899,1,Male,34,Elementary
900,1,Female,31,High School
901,1,Female,36,Elementary
902,1,Male,38,University
903,0,Female,65,Elementary
904,1,Male,27,Elementary
905,0,Female,58,Elementary
906,0,Female,49,No studies
907,0,Male,69,Elementary
908,0,Male,59,High School
909,0,Female,36,Elementary
910,0,Female,72,Elementary
911,1,Male,46,Higher Level
912,0,Female,18,Elementary
913,0,Male,34,Elementary
914,1,Female,32,High School
915,1,Male,26,Elementary
916,1,Male,56,High School
917,1,Male,31,Higher Level
918,1,Female,26,Higher Level
919,0,Male,84,Elementary
920,1,Female,24,Elementary
921,0,Female,50,Elementary
922,1,Male,24,Elementary
923,0,Male,64,Elementary
924,0,Female,60,Elementary
925,1,Male,38,High School
926,1,Male,35,Elementary
927,1,Female,65,Elementary
928,1,Female,26,High School
929,1,Female,42,University
930,0,Male,48,Elementary
931,0,Male,78,No studies
932,1,Male,44,Higher Level
933,0,Male,34,Elementary
934,0,Male,46,High School
935,1,Female,21,Elementary
936,1,Male,40,Elementary
937,0,Female,64,Elementary
938,0,Male,68,No studies
939,1,Female,48,Higher Level
940,0,Female,85,Elementary
941,0,Male,55,University
942,1,Male,24,Higher Level
943,0,Female,80,No studies
944,1,Male,30,Elementary
945,1,Male,45,University
946,0,Male,64,Elementary
947,1,Female,18,Elementary
948,0,Female,35,PhD
949,1,Female,55,High School
950,1,Female,82,University
951,1,Female,38,University
952,0,Female,87,Elementary
953,1,Female,22,University
954,1,Male,51,High School
955,0,Male,77,Elementary
956,1,Male,62,University
957,1,Male,37,Higher Level
958,1,Female,29,University
959,0,Female,62,Elementary
960,1,Female,47,High School
961,0,Female,90,No studies
962,1,Male,32,Higher Level
963,1,Female,30,PhD
964,0,Male,80,Elementary
965,1,Male,37,Higher Level
966,1,Male,22,High School
967,0,Male,80,Elementary
968,0,Male,46,Higher Level
969,0,Female,56,High School
970,0,Female,73,Elementary
971,1,Female,43,University
972,1,Male,34,Higher Level
973,1,Female,26,High School
974,1,Female,47,Elementary
975,0,Female,49,Elementary
976,1,Female,56,University
977,1,Female,29,University
978,1,Male,18,Elementary
979,1,Male,55,High School
980,1,Male,39,High School
981,1,Male,31,Higher Level
982,0,Male,50,Elementary
983,1,Female,33,Elementary
984,0,Male,39,Elementary
985,0,Male,77,Elementary
986,0,Female,50,Elementary
987,0,Female,75,Elementary
988,0,Male,30,Elementary
989,0,Female,38,Elementary
990,0,Female,70,No studies
991,0,Male,31,Elementary
992,1,Female,47,Higher Level
993,0,Male,79,Elementary
994,0,Male,20,Elementary
995,1,Male,40,Higher Level
996,1,Female,27,High School
997,0,Female,42,Elementary
998,0,Male,52,Elementary
999,0,Male,25,Elementary
1000,0,Male,42,Higher Level
1001,0,Female,65,No studies
1002,0,Female,56,Elementary
1003,1,Female,22,University
1004,0,Female,34,Elementary
1005,1,Male,21,Elementary
1006,0,Male,57,Elementary
1007,0,Male,70,No studies
1008,1,Female,40,Elementary
1009,1,Female,33,University
1010,1,Male,25,Elementary
1011,0,Female,66,No studies
1012,1,Male,39,High School
1013,0,Female,47,Higher Level
1014,0,Female,68,No studies
1015,1,Male,30,Elementary
1016,0,Male,65,Elementary
1017,1,Male,36,Higher Level
1018,0,Female,46,Elementary
1019,1,Female,28,Elementary
1020,0,Female,37,Elementary
1021,0,Female,62,Elementary
1022,1,Male,46,Elementary
1023,0,Male,63,Elementary
1024,1,Male,25,University
1025,0,Female,65,Elementary
1026,0,Male,80,Elementary
1027,1,Female,54,Elementary
1028,0,Male,50,Higher Level
1029,1,Female,36,University
1030,1,Male,60,PhD
1031,1,Female,34,University
1032,1,Female,21,High School
1033,0,Male,73,Higher Level
1034,0,Female,77,Elementary
1035,1,Female,37,High School
1036,1,Male,45,Elementary
1037,1,Female,22,Elementary
1038,1,Female,42,Elementary
1039,0,Male,72,No studies
1040,0,Male,38,Elementary
1041,0,Male,50,Elementary
1042,1,Male,28,University
1043,1,Female,55,High School
1044,0,Female,65,Elementary
1045,1,Female,48,Elementary
1046,1,Male,20,Elementary
1047,0,Female,45,Elementary
1048,1,Female,32,High School
1049,0,Male,76,No studies
1050,1,Male,37,Elementary
1051,0,Female,60,Elementary
1052,0,Female,70,No studies
1053,0,Male,31,Elementary
1054,1,Female,44,Elementary
1055,0,Female,30,Elementary
1056,0,Male,57,Elementary
1057,0,Female,73,No studies
1058,0,Male,88,No studies
1059,1,Male,18,Elementary
1060,0,Male,48,Elementary
1061,1,Male,37,University
1062,0,Female,60,Elementary
1063,1,Male,24,University
1064,1,Female,40,High School
1065,0,Male,35,Elementary
1066,0,Female,73,University
1067,1,Female,33,University
1068,1,Male,25,University
1069,1,Female,45,Higher Level
1070,1,Male,53,PhD
1071,1,Male,68,University
1072,1,Male,35,High School
1073,0,Female,24,Elementary
1074,1,Female,30,Higher Level
1075,0,Female,80,Elementary
1076,0,Female,41,Elementary
1077,0,Male,52,Elementary
1078,0,Male,23,Elementary
1079,1,Male,70,Elementary
1080,0,Male,80,No studies
1081,0,Male,60,Elementary
1082,0,Male,46,High School
1083,0,Female,87,No studies
1084,1,Male,41,Elementary
1085,0,Female,45,Elementary
1086,0,Female,54,University
1087,1,Male,25,Elementary
1088,0,Female,79,Elementary
1089,1,Male,40,Higher Level
1090,1,Female,28,Higher Level
1091,0,Male,82,Elementary
1092,0,Female,63,Elementary
1093,1,Male,59,Elementary
1094,0,Female,30,Elementary
1095,1,Female,35,Higher Level
1096,1,Female,24,Higher Level
1097,1,Male,45,University
1098,0,Male,79,Elementary
1099,0,Male,62,Elementary
1100,0,Female,62,Elementary
1101,1,Male,39,PhD
1102,1,Male,30,University
1103,1,Female,65,Higher Level
1104,0,Female,72,Elementary
1105,1,Male,22,Higher Level
1106,0,Female,47,High School
1107,1,Male,38,PhD
1108,1,Male,34,University
1109,0,Female,52,Elementary
1110,1,Female,38,PhD
1111,1,Female,25,University
1112,1,Male,50,Higher Level
1113,0,Female,76,Elementary
1114,1,Male,23,Higher Level
1115,0,Female,45,Higher Level
1116,0,Female,24,Elementary
1117,0,Male,56,Elementary
1118,1,Female,35,PhD
1119,0,Male,68,Elementary
1120,1,Male,34,Elementary
1121,0,Female,79,Elementary
1122,1,Female,31,University
1123,0,Female,59,Elementary
1124,1,Male,47,Elementary
1125,1,Male,35,Higher Level
1126,0,Female,77,Elementary
1127,1,Male,44,Elementary
1128,1,Male,42,Elementary
1129,0,Male,66,Elementary
1130,0,Female,58,Elementary
1131,0,Female,44,Elementary
1132,0,Female,54,Elementary
1133,0,Male,71,Elementary
1134,1,Female,25,University
1135,0,Male,55,Elementary
1136,0,Male,39,Elementary
1137,0,Female,67,No studies
1138,0,Female,58,Elementary
1139,1,Male,19,Elementary
1140,1,Male,49,Higher Level
1141,1,Female,33,High School
1142,0,Male,74,No studies
1143,0,Female,58,Higher Level
1144,0,Female,65,Elementary
1145,0,Male,35,High School
1146,1,Female,35,Higher Level
1147,1,Male,30,High School
1148,0,Female,68,No studies
1149,0,Female,45,High School
1150,0,Male,64,Elementary
1151,0,Male,74,Higher Level
1152,0,Female,75,No studies
1153,0,Male,45,High School
1154,1,Male,30,High School
1155,1,Female,22,Higher Level
1156,0,Male,63,Elementary
1157,1,Male,45,Elementary
1158,0,Female,54,Elementary
1159,0,Female,31,Elementary
1160,1,Female,34,University
1161,1,Female,39,University
1162,1,Male,70,PhD
1163,1,Male,34,High School
1164,1,Male,51,PhD
1165,1,Female,23,University
1166,0,Female,83,Elementary
1167,1,Male,44,High School
1168,1,Female,40,High School
1169,1,Male,35,PhD
1170,0,Female,63,Elementary
1171,0,Male,71,Elementary
1172,0,Female,63,Elementary
1173,1,Female,43,University
1174,1,Female,51,Elementary
1175,1,Male,30,University
1176,0,Female,32,Elementary
1177,1,Male,18,Elementary
1178,0,Female,68,Elementary
1179,1,Male,26,University
1180,0,Female,82,High School
1181,1,Male,73,PhD
1182,1,Male,54,PhD
1183,1,Female,22,University
1184,1,Male,21,Elementary
1185,0,Female,76,University
1186,0,Male,80,Elementary
1187,1,Male,42,Elementary
1188,0,Male,52,Elementary
1189,0,Female,60,High School
1190,1,Female,28,Elementary
1191,1,Female,43,PhD
1192,1,Male,45,High School
1193,1,Male,36,PhD
1194,1,Female,18,High School
1195,1,Female,34,PhD
1196,1,Male,53,Higher Level
1197,1,Female,48,Elementary
1198,1,Male,33,PhD
1199,1,Male,47,PhD
1200,1,Female,36,University
1201,0,Female,75,PhD
1202,1,Female,49,Higher Level
1203,1,Male,61,High School
1204,1,Male,33,University
1205,1,Male,49,Elementary
1206,1,Male,18,High School
1207,0,Male,25,Elementary
1208,1,Female,68,Elementary
1209,0,Female,75,Elementary
1210,1,Female,50,High School
1211,0,Male,69,No studies
1212,1,Female,43,High School
1213,0,Female,75,No studies
1214,1,Female,25,PhD
1215,1,Female,48,High School
1216,1,Male,27,Elementary
1217,1,Female,46,Elementary
1218,1,Male,42,Elementary
1219,0,Female,72,No studies
1220,1,Female,36,High School
1221,0,Male,66,Elementary
1222,1,Male,31,Higher Level
1223,1,Male,31,Higher Level
1224,1,Female,42,Higher Level
1225,0,Female,68,University
1226,1,Female,18,Higher Level
1227,1,Male,26,PhD
1228,0,Female,49,Elementary
1229,1,Female,44,PhD
1230,1,Male,31,High School
1231,0,Male,58,Elementary
1232,0,Female,57,Elementary
1233,1,Male,61,High School
1234,1,Female,42,High School
1235,1,Male,31,Higher Level
1236,1,Female,31,High School
1237,0,Male,54,Elementary
1238,1,Female,43,PhD
1239,0,Male,70,Elementary
1240,1,Male,38,PhD
1241,1,Female,27,PhD
1242,0,Female,34,Higher Level
1243,0,Female,66,Elementary
1244,1,Male,52,Higher Level
1245,1,Male,36,PhD
1246,0,Male,70,PhD
1247,0,Female,66,University
1248,1,Male,32,University
1249,0,Female,73,Elementary
1250,1,Female,24,University
1251,0,Female,64,Elementary
1252,0,Female,77,Elementary
1253,0,Female,49,Elementary
1254,1,Male,62,PhD
1255,0,Female,59,Elementary
1256,1,Male,57,Elementary
1257,1,Male,27,High School
1258,1,Female,19,High School
1259,1,Male,26,Higher Level
1260,0,Male,60,High School
1261,1,Female,23,PhD
1262,1,Male,54,High School
1263,0,Female,72,Elementary
1264,0,Female,50,Elementary
1265,0,Female,33,Elementary
1266,1,Female,53,PhD
1267,0,Female,56,High School
1268,1,Male,25,University
1269,1,Male,58,Elementary
1270,0,Female,86,High School
1271,1,Male,37,PhD
1272,1,Male,33,University
1273,1,Female,37,PhD
1274,0,Female,75,No studies
1275,1,Female,55,High School
1276,1,Female,50,PhD
1277,1,Male,42,PhD
1278,0,Female,25,Elementary
1279,1,Male,31,PhD
1280,0,Female,64,No studies
1281,1,Female,39,Higher Level
1282,1,Male,36,High School
1283,0,Female,67,No studies
1284,1,Female,32,Higher Level
1285,1,Male,41,Elementary
1286,1,Male,18,Higher Level
1287,0,Female,36,Elementary
1288,1,Female,50,High School
1289,1,Female,33,PhD
1290,1,Male,39,High School
1291,1,Male,34,PhD
1292,1,Male,31,PhD
1293,1,Female,33,Higher Level
1294,0,Female,52,Elementary
1295,0,Male,80,No studies
1296,1,Male,35,High School
1297,0,Female,63,No studies
1298,0,Male,31,Elementary
1299,0,Male,60,Elementary
1300,1,Female,44,University
1301,1,Male,37,High School
1302,0,Male,71,Elementary
1303,1,Female,31,Higher Level
1304,0,Female,76,No studies
1305,0,Female,73,Elementary
1306,1,Male,28,Elementary
1307,1,Female,43,Higher Level
1308,1,Male,21,Elementary
1309,0,Male,79,Elementary
1310,1,Male,41,Elementary
1311,1,Male,44,High School
1312,1,Male,23,University
1313,1,Female,18,Elementary
1314,0,Female,53,Elementary
1315,0,Female,44,Elementary
1316,0,Female,55,Elementary
1317,0,Male,61,Elementary
1318,1,Male,33,Elementary
1319,1,Female,35,University
1320,1,Female,20,High School
1321,1,Male,62,University
1322,1,Female,25,PhD
1323,1,Male,50,PhD
1324,1,Female,37,University
1325,0,Female,34,Elementary
1326,0,Female,63,Elementary
1327,1,Male,19,Elementary
1328,0,Male,49,Elementary
1329,1,Male,30,High School
1330,0,Male,37,Elementary
1331,1,Female,42,PhD
1332,1,Female,27,PhD
1333,0,Female,76,Elementary
1334,0,Female,75,Elementary
1335,0,Male,73,High School
1336,1,Female,39,PhD
1337,0,Male,27,Higher Level
1338,0,Male,60,Elementary
1339,1,Female,24,PhD
1340,1,Male,42,PhD
1341,1,Male,57,PhD
1342,1,Male,31,PhD
1343,0,Male,80,Elementary
1344,0,Male,25,Elementary
1345,0,Female,78,Elementary
1346,1,Male,49,Higher Level
1347,1,Female,50,PhD
1348,1,Male,38,University
1349,1,Female,36,PhD
1350,1,Female,24,University
1351,1,Male,32,PhD
1352,1,Male,25,PhD
1353,1,Female,26,PhD
1354,0,Female,68,High School
1355,0,Male,65,University
1356,0,Male,65,Elementary
1357,0,Female,78,No studies
1358,1,Female,19,High School
1359,1,Male,52,Higher Level
1360,0,Female,57,Elementary
1361,1,Male,55,High School
1362,1,Female,28,Higher Level
1363,1,Male,30,Higher Level
1364,1,Female,40,University
1365,1,Male,24,Elementary
1366,0,Female,80,No studies
1367,1,Female,27,Higher Level
1368,1,Male,22,Higher Level
1369,1,Female,48,Elementary
1370,1,Female,20,Elementary
1371,1,Female,48,High School
1372,1,Female,39,Higher Level
1373,1,Male,35,High School
1374,1,Male,51,Elementary
1375,1,Male,33,Elementary
1376,0,Female,70,Elementary
1377,1,Male,35,High School
1378,1,Female,29,PhD
1379,1,Female,37,PhD
1380,1,Male,52,Elementary
1381,0,Male,55,High School
1382,1,Female,24,High School
1383,1,Male,18,High School
1384,0,Female,60,High School
1385,1,Male,34,Higher Level
1386,1,Male,44,PhD
1387,1,Female,69,PhD
1388,1,Male,32,High School
1389,1,Female,34,PhD
1390,1,Male,49,University
1391,1,Female,40,PhD
1392,1,Female,42,PhD
1393,1,Female,34,Higher Level
1394,1,Male,53,High School
1395,1,Male,22,Higher Level
1396,1,Male,34,High School
1397,0,Female,70,Elementary
1398,0,Female,45,Elementary
1399,1,Male,40,University
1400,0,Female,45,Elementary
1401,1,Male,18,Elementary
1402,1,Female,34,High School
1403,0,Male,64,Elementary
1404,0,Male,74,Elementary
1405,1,Male,34,Elementary
1406,0,Male,47,Elementary
1407,1,Male,28,Higher Level
1408,1,Female,55,Elementary
1409,1,Female,32,High School
1410,1,Female,35,Higher Level
1411,0,Female,74,No studies
1412,0,Male,76,Elementary
1413,0,Female,40,No studies
1414,1,Male,52,High School
1415,0,Female,57,Elementary
1416,1,Male,29,Higher Level
1417,1,Male,40,Elementary
1418,1,Female,38,University
1419,1,Female,42,PhD
1420,1,Female,22,University
1421,1,Female,47,Elementary
1422,1,Male,28,Elementary
1423,1,Male,21,University
1424,1,Female,30,Higher Level
1425,1,Male,40,Elementary
1426,1,Female,36,High School
1427,0,Male,58,Elementary
1428,1,Male,36,PhD
1429,1,Female,18,Elementary
1430,0,Female,48,Elementary
1431,1,Female,34,High School
1432,1,Female,32,PhD
1433,1,Male,27,High School
1434,0,Male,83,Elementary
1435,0,Female,35,Elementary
1436,0,Male,52,Elementary
1437,1,Female,54,Elementary
1438,0,Female,25,High School
1439,0,Female,66,Elementary
1440,1,Male,22,Higher Level
1441,1,Female,47,High School
1442,0,Female,50,Elementary
1443,1,Female,25,Elementary
1444,0,Female,40,Elementary
1445,0,Female,59,High School
1446,1,Male,26,PhD
1447,0,Male,95,Elementary
1448,1,Female,63,High School
1449,0,Female,65,Elementary
1450,1,Female,33,PhD
1451,0,Female,48,Elementary
1452,0,Male,63,Elementary
1453,1,Female,36,University
1454,1,Male,56,Higher Level
1455,0,Male,48,Elementary
1456,0,Female,37,Elementary
1457,1,Female,45,Higher Level
1458,0,Male,59,Elementary
1459,0,Male,73,No studies
1460,0,Male,71,Elementary
1461,0,Female,66,Elementary
1462,0,Male,60,Elementary
1463,0,Female,60,Elementary
1464,1,Female,38,Higher Level
1465,1,Male,27,Elementary
1466,1,Female,33,High School
1467,1,Male,22,University
1468,0,Female,70,Elementary
1469,1,Male,21,University
1470,1,Male,63,Elementary
1471,1,Male,41,PhD
1472,1,Male,27,Higher Level
1473,1,Female,87,High School
1474,0,Male,75,Elementary
1475,1,Female,57,PhD
1476,1,Female,39,Higher Level
1477,1,Male,53,PhD
1478,1,Female,52,PhD
1479,1,Male,26,PhD
1480,1,Female,38,Higher Level
1481,0,Female,65,Elementary
1482,1,Male,41,PhD
1483,1,Male,64,Elementary
1484,1,Female,33,Elementary
1485,1,Female,24,Higher Level
1486,1,Male,34,Elementary
1487,1,Female,38,High School
1488,1,Male,57,PhD
1489,0,Male,80,No studies
1490,0,Female,59,No studies
1491,1,Male,27,Elementary
1492,1,Male,39,Higher Level
1493,1,Female,32,University
1494,1,Female,24,Higher Level
1495,0,Female,55,Elementary
1496,1,Male,20,University
1497,1,Male,50,PhD
1498,1,Female,36,PhD
1499,1,Male,30,Higher Level
1500,0,Female,72,No studies
1501,1,Female,31,University
1502,0,Female,80,No studies
1503,1,Male,27,Elementary
1504,0,Male,81,Elementary
1505,0,Female,53,Elementary
1506,1,Male,45,PhD
1507,0,Female,44,Elementary
1508,1,Female,54,Higher Level
1509,1,Male,30,High School
1510,0,Female,66,No studies
1511,0,Female,64,PhD
1512,0,Male,53,Elementary
1513,0,Male,61,Elementary
1514,1,Female,23,Elementary
1515,1,Female,31,University
1516,1,Male,22,Higher Level
1517,1,Male,28,PhD
1518,1,Female,25,University
1519,0,Female,55,Elementary
1520,0,Male,42,Elementary
1521,0,Female,65,Elementary
1522,1,Male,35,Elementary
1523,1,Male,29,Elementary
1524,1,Female,35,Elementary
1525,0,Female,53,Elementary
1526,0,Male,72,No studies
1527,0,Male,45,Higher Level
1528,1,Male,25,Higher Level
1529,1,Female,33,High School
1530,0,Male,50,Elementary
1531,0,Male,62,Elementary
1532,1,Female,40,University
1533,0,Female,71,Elementary
1534,1,Female,38,Elementary
1535,1,Male,23,High School
1536,1,Female,18,Elementary
1537,1,Male,39,Elementary
1538,1,Female,52,Elementary
1539,0,Female,64,No studies
1540,0,Male,75,No studies
1541,1,Male,24,Higher Level
1542,1,Female,43,Elementary
1543,0,Male,66,No studies
1544,1,Female,33,Elementary
1545,1,Male,27,PhD
1546,1,Male,37,Elementary
1547,1,Female,44,Elementary
1548,0,Female,63,Elementary
1549,0,Male,70,Elementary
1550,0,Male,36,Elementary
1551,1,Female,19,Elementary
1552,1,Male,51,Elementary
1553,1,Female,28,PhD
1554,1,Male,31,Elementary
1555,1,Female,27,Higher Level
1556,0,Male,32,Elementary
1557,0,Male,47,Elementary
1558,0,Female,23,Higher Level
1559,0,Male,62,No studies
1560,0,Female,73,No studies
1561,0,Female,68,No studies
1562,0,Female,50,Elementary
1563,0,Male,41,Elementary
1564,0,Male,53,Elementary
1565,0,Female,76,No studies
1566,1,Male,18,Elementary
1567,1,Male,32,High School
1568,0,Female,25,Elementary
1569,1,Female,24,Higher Level
1570,0,Male,43,Elementary
1571,0,Female,40,Elementary
1572,1,Female,28,Higher Level
1573,0,Male,64,No studies
1574,0,Female,79,No studies
1575,0,Male,31,Elementary
1576,0,Male,46,Elementary
1577,1,Female,35,Higher Level
1578,0,Female,26,Elementary
1579,1,Male,36,Elementary
1580,0,Male,74,No studies
1581,1,Male,63,University
1582,1,Female,20,High School
1583,1,Male,26,High School
1584,1,Female,45,University
1585,1,Female,28,PhD
1586,0,Male,41,Elementary
1587,0,Female,74,No studies
1588,0,Female,64,Elementary
1589,1,Male,40,PhD
1590,0,Female,50,Higher Level
1591,0,Male,71,Elementary
1592,1,Male,34,Higher Level
1593,1,Female,40,Higher Level
1594,0,Female,62,Elementary
1595,1,Male,51,Elementary
1596,1,Female,38,High School
1597,0,Female,78,No studies
1598,0,Female,52,Elementary
1599,1,Female,25,Elementary
1600,1,Male,24,Elementary
1601,1,Male,36,Higher Level
1602,1,Male,33,PhD
1603,0,Female,67,No studies
1604,0,Male,77,No studies
1605,0,Female,26,Higher Level
1606,0,Female,55,Elementary
1607,0,Male,57,Elementary
1608,1,Male,39,High School
1609,1,Female,25,University
1610,1,Female,36,High School
1611,0,Female,75,Higher Level
1612,1,Female,45,University
1613,1,Male,20,Higher Level
1614,1,Male,34,High School
1615,0,Male,69,Elementary
1616,1,Male,52,PhD
1617,0,Female,28,Elementary
1618,0,Male,43,Higher Level
1619,1,Male,18,High School
1620,0,Female,62,Elementary
1621,0,Female,48,Higher Level
1622,1,Male,39,Elementary
1623,0,Female,71,Elementary
1624,0,Male,28,Elementary
1625,1,Male,60,High School
1626,0,Female,23,Elementary
1627,0,Male,72,Elementary
1628,1,Female,40,Elementary
1629,0,Female,79,No studies
1630,0,Female,51,No studies
1631,1,Male,26,Elementary
1632,1,Male,37,High School
1633,1,Female,29,Elementary
1634,0,Male,39,High School
1635,0,Male,61,Elementary
1636,0,Female,53,Elementary
1637,1,Female,33,Higher Level
1638,1,Female,37,High School
1639,1,Male,58,University
1640,1,Male,48,Elementary
1641,1,Male,28,University
1642,0,Female,80,No studies
1643,0,Male,77,No studies
1644,1,Female,53,University
1645,0,Male,78,PhD
1646,1,Male,37,Elementary
1647,0,Male,46,Elementary
1648,1,Female,20,High School
1649,1,Female,62,PhD
1650,1,Male,29,Higher Level
1651,1,Female,69,High School
1652,1,Female,33,University
1653,1,Male,34,High School
1654,1,Male,38,Higher Level
1655,1,Male,45,Elementary
1656,1,Female,36,Higher Level
1657,1,Male,23,Higher Level
1658,0,Female,78,Elementary
1659,0,Male,73,Elementary
1660,0,Female,59,Elementary
1661,1,Female,19,High School
1662,1,Male,39,Higher Level
1663,1,Female,51,Higher Level
1664,1,Female,37,University
1665,0,Female,79,Elementary
1666,1,Male,18,Elementary
1667,0,Male,64,Elementary
1668,1,Female,25,University
1669,1,Male,32,Elementary
1670,1,Male,48,High School
1671,1,Male,57,Elementary
1672,1,Female,25,Higher Level
1673,0,Female,68,Elementary
1674,0,Male,73,Elementary
1675,1,Male,18,Elementary
1676,1,Female,45,Higher Level
1677,0,Female,40,Elementary
1678,0,Female,65,Elementary
1679,1,Female,44,Higher Level
1680,1,Female,68,Elementary
1681,0,Female,72,Elementary
1682,1,Male,47,Higher Level
1683,0,Male,69,Elementary
1684,0,Male,28,Elementary
1685,1,Female,23,University
1686,1,Male,64,Elementary
1687,0,Female,31,Elementary
1688,1,Male,51,Elementary
1689,0,Female,41,Elementary
1690,0,Female,80,Elementary
1691,1,Male,54,High School
1692,0,Female,47,Elementary
1693,0,Male,63,Elementary
1694,1,Male,23,Higher Level
1695,0,Male,60,University
1696,1,Male,25,Higher Level
1697,1,Female,39,Elementary
1698,0,Male,44,Elementary
1699,0,Male,45,Elementary
1700,0,Female,87,Elementary
1701,0,Female,51,Elementary
1702,0,Female,73,Elementary
1703,1,Female,21,Elementary
1704,0,Female,51,Elementary
1705,0,Female,41,Elementary
1706,0,Female,68,Elementary
1707,0,Male,74,Elementary
1708,0,Male,35,Higher Level
1709,1,Female,31,PhD
1710,0,Male,81,No studies
1711,0,Female,62,Elementary
1712,1,Male,30,Higher Level
1713,1,Female,42,PhD
1714,1,Male,32,Higher Level
1715,1,Female,59,Elementary
1716,0,Female,54,Elementary
1717,1,Male,25,Higher Level
1718,0,Female,72,Elementary
1719,1,Female,25,Higher Level
1720,1,Male,39,Elementary
1721,0,Male,76,Elementary
1722,0,Male,56,Higher Level
1723,0,Female,49,Elementary
1724,0,Female,81,Higher Level
1725,0,Female,65,High School
1726,0,Male,53,Elementary
1727,0,Female,58,Elementary
1728,0,Male,52,Elementary
1729,0,Female,46,Elementary
1730,1,Male,23,High School
1731,0,Male,62,Elementary
1732,0,Male,48,Elementary
1733,0,Female,75,University
1734,0,Male,69,Elementary
1735,1,Female,28,High School
1736,1,Male,25,Elementary
1737,1,Male,42,Elementary
1738,1,Female,19,High School
1739,1,Male,58,High School
1740,0,Female,59,Elementary
1741,0,Female,54,Elementary
1742,0,Male,21,Elementary
1743,0,Male,34,Higher Level
1744,1,Female,52,Elementary
1745,0,Female,82,Elementary
1746,0,Female,29,Higher Level
1747,0,Female,62,Elementary
1748,0,Female,37,Elementary
1749,0,Male,48,Elementary
1750,1,Male,45,PhD
1751,0,Male,79,Elementary
1752,0,Female,70,Elementary
1753,0,Female,84,Elementary
1754,0,Female,54,Elementary
1755,0,Male,37,Elementary
1756,0,Male,55,Elementary
1757,1,Female,31,University
1758,0,Male,72,Elementary
1759,0,Male,68,Higher Level
1760,1,Male,46,Higher Level
1761,1,Male,29,High School
1762,1,Male,45,PhD
1763,0,Female,77,Elementary
1764,1,Female,43,High School
1765,1,Male,22,High School
1766,1,Male,42,University
1767,1,Female,56,High School
1768,1,Female,34,PhD
1769,0,Female,73,No studies
1770,1,Male,43,Elementary
1771,1,Female,25,Elementary
1772,1,Male,25,PhD
1773,1,Female,39,Higher Level
1774,0,Male,49,Elementary
1775,0,Female,23,Elementary
1776,0,Female,57,Higher Level
1777,1,Male,56,Elementary
1778,1,Male,19,Elementary
1779,0,Male,43,Elementary
1780,0,Female,44,Elementary
1781,0,Male,59,No studies
1782,0,Female,51,No studies
1783,0,Male,67,No studies
1784,1,Female,30,Elementary
1785,0,Male,26,Elementary
1786,0,Female,69,No studies
1787,1,Male,22,Elementary
1788,1,Male,53,Higher Level
1789,0,Female,72,No studies
1790,0,Male,31,Elementary
1791,0,Female,61,Elementary
1792,0,Female,48,Elementary
1793,1,Female,24,Elementary
1794,1,Male,35,Elementary
1795,1,Male,35,PhD
1796,1,Female,29,University
1797,1,Female,40,High School
1798,1,Male,27,Elementary
1799,0,Male,59,Elementary
1800,0,Female,56,Elementary
1801,1,Female,55,PhD
1802,0,Female,80,University
1803,1,Male,19,Elementary
1804,1,Male,66,High School
1805,1,Female,29,PhD
1806,1,Female,41,Higher Level
1807,1,Male,55,High School
1808,1,Male,30,Elementary
1809,1,Male,20,High School
1810,0,Female,48,Higher Level
1811,0,Female,66,Elementary
1812,0,Female,75,Elementary
1813,0,Female,41,Elementary
1814,1,Male,31,Higher Level
1815,1,Female,34,PhD
1816,0,Male,43,High School
1817,0,Male,63,Elementary
1818,1,Male,66,Higher Level
1819,0,Male,64,Elementary
1820,1,Male,52,High School
1821,0,Female,40,High School
1822,1,Male,44,Elementary
1823,0,Female,59,Elementary
1824,0,Female,69,Higher Level
1825,1,Female,29,Higher Level
1826,1,Female,19,High School
1827,0,Male,83,Elementary
1828,1,Male,33,Higher Level
1829,0,Female,64,University
1830,0,Male,67,Elementary
1831,1,Male,31,Higher Level
1832,0,Female,50,Elementary
1833,1,Female,24,PhD
1834,0,Female,80,Elementary
1835,1,Male,37,PhD
1836,0,Male,54,Elementary
1837,1,Male,39,High School
1838,1,Male,26,University
1839,1,Female,20,High School
1840,0,Female,60,Elementary
1841,0,Female,69,Elementary
1842,1,Female,34,University
1843,1,Male,49,Elementary
1844,0,Male,62,Elementary
1845,1,Female,45,Elementary
1846,1,Male,35,High School
1847,0,Female,34,Higher Level
1848,0,Male,75,High School
1849,0,Female,68,Elementary
1850,0,Male,47,Elementary
1851,1,Female,48,High School
1852,0,Female,44,Elementary
1853,1,Male,25,Elementary
1854,0,Male,42,Higher Level
1855,1,Female,39,PhD
1856,0,Female,76,Elementary
1857,0,Male,79,Elementary
1858,1,Female,25,Elementary
1859,1,Male,29,Elementary
1860,0,Female,58,No studies
1861,1,Male,46,Higher Level
1862,0,Female,74,Elementary
1863,0,Male,68,Elementary
1864,0,Female,77,Elementary
1865,1,Female,25,Elementary
1866,1,Male,21,Elementary
1867,1,Male,38,PhD
1868,1,Female,52,University
1869,0,Female,44,Elementary
1870,1,Male,27,University
1871,1,Female,34,Elementary
1872,0,Male,49,Elementary
1873,1,Male,28,Elementary
1874,0,Male,63,Elementary
1875,1,Female,44,University
1876,0,Female,56,Elementary
1877,1,Female,21,Elementary
1878,1,Female,70,University
1879,1,Male,43,Higher Level
1880,1,Male,45,Higher Level
1881,0,Female,50,Elementary
1882,1,Female,42,University
1883,1,Male,19,Elementary
1884,1,Female,31,PhD
1885,1,Male,33,Higher Level
1886,1,Female,35,University
1887,1,Male,62,High School
1888,0,Male,67,Elementary
1889,1,Female,19,Elementary
1890,0,Female,57,Elementary
1891,1,Male,26,Elementary
1892,1,Female,39,University
1893,0,Female,72,Elementary
1894,1,Male,23,Elementary
1895,1,Male,26,Elementary
1896,0,Male,39,Higher Level
1897,0,Female,49,Elementary
1898,1,Female,28,Higher Level
1899,1,Male,23,Elementary
1900,1,Female,25,Higher Level
1901,0,Male,61,Elementary
1902,0,Female,32,Elementary
1903,0,Male,33,High School
1904,1,Female,34,Elementary
1905,0,Male,68,Elementary
1906,1,Female,42,Higher Level
1907,1,Female,37,Higher Level
1908,1,Male,43,Higher Level
1909,0,Female,93,Elementary
1910,1,Male,40,Elementary
1911,1,Female,18,Elementary
1912,1,Male,62,High School
1913,1,Female,43,University
1914,0,Male,40,Elementary
1915,0,Female,59,Elementary
1916,0,Female,73,Elementary
1917,1,Male,32,Higher Level
1918,0,Male,45,Elementary
1919,1,Female,45,Elementary
1920,1,Male,61,Higher Level
1921,0,Female,66,Elementary
1922,1,Male,55,Elementary
1923,1,Female,50,Elementary
1924,1,Male,50,Elementary
1925,0,Female,39,No studies
1926,0,Male,27,Elementary
1927,0,Female,51,Elementary
1928,0,Female,78,Higher Level
1929,0,Female,60,Elementary
1930,0,Male,80,Elementary
1931,1,Female,34,Higher Level
1932,0,Female,69,Elementary
1933,1,Male,27,Higher Level
1934,0,Male,45,Elementary
1935,0,Female,49,Higher Level
1936,1,Male,55,Higher Level
1937,1,Female,44,Higher Level
1938,1,Female,29,PhD
1939,1,Male,34,PhD
1940,0,Male,43,Elementary
1941,0,Male,24,Elementary
1942,1,Female,24,Higher Level
1943,1,Female,58,University
1944,0,Female,65,Elementary
1945,1,Female,24,PhD
1946,1,Male,52,Higher Level
1947,1,Female,36,Elementary
1948,1,Female,29,PhD
1949,1,Male,37,Higher Level
1950,0,Male,70,Elementary
1951,0,Male,86,Elementary
1952,1,Male,25,High School
1953,1,Female,48,Elementary
1954,0,Male,41,Elementary
1955,0,Male,50,Elementary
1956,1,Female,21,University
1957,0,Female,70,Elementary
1958,1,Male,25,Higher Level
1959,0,Male,77,Elementary
1960,0,Female,63,Elementary
1961,0,Male,53,Elementary
1962,1,Female,28,Elementary
1963,0,Female,79,Elementary
1964,1,Female,24,PhD
1965,1,Female,43,Higher Level
1966,1,Male,24,High School
1967,1,Male,41,PhD
1968,1,Female,32,PhD
1969,1,Male,30,University
1970,1,Male,70,PhD
1971,1,Male,32,PhD
1972,0,Female,48,PhD
1973,1,Female,40,Higher Level
1974,1,Female,51,University
1975,0,Female,65,Elementary
1976,1,Male,49,Higher Level
1977,0,Male,58,No studies
1978,1,Male,32,Elementary
1979,1,Male,37,PhD
1980,1,Female,22,Higher Level
1981,1,Male,22,High School
1982,0,Female,60,Elementary
1983,0,Female,78,Higher Level
1984,1,Female,32,University
1985,1,Female,39,PhD
1986,1,Male,54,PhD
1987,1,Male,25,PhD
1988,1,Male,39,University
1989,1,Male,32,Elementary
1990,0,Male,79,Higher Level
1991,1,Female,21,High School
1992,1,Female,60,PhD
1993,0,Female,71,No studies
1994,1,Male,24,PhD
1995,1,Female,50,University
1996,1,Male,64,PhD
1997,1,Female,31,Higher Level
1998,1,Male,44,University
1999,0,Male,57,Elementary
2000,0,Female,54,Elementary
2001,0,Male,68,Elementary
2002,1,Female,30,University
2003,1,Male,46,PhD
2004,1,Female,43,Elementary
2005,0,Female,55,Elementary
2006,0,Female,72,Elementary
2007,0,Male,26,Elementary
2008,0,Male,44,Elementary
2009,0,Female,75,Elementary
2010,0,Female,48,Elementary
2011,0,Male,71,Elementary
2012,0,Female,64,No studies
2013,0,Male,52,Elementary
2014,0,Female,36,Elementary
2015,0,Male,40,Higher Level
2016,1,Male,30,High School
2017,0,Male,49,No studies
2018,0,Female,46,No studies
2019,0,Male,22,Elementary
2020,0,Female,30,Elementary
2021,1,Male,44,Elementary
2022,1,Female,18,Elementary
2023,1,Female,35,Elementary
2024,0,Male,48,Elementary
2025,0,Female,63,Elementary
2026,0,Female,79,Elementary
2027,1,Female,40,PhD
2028,1,Male,43,Higher Level
2029,1,Male,66,High School
2030,1,Female,25,Higher Level
2031,1,Male,21,University
2032,1,Male,40,High School
2033,1,Male,44,PhD
2034,1,Female,41,Elementary
2035,0,Male,85,Elementary
2036,0,Female,73,No studies
2037,0,Female,52,Elementary
2038,0,Male,50,Elementary
2039,0,Female,58,Elementary
2040,0,Male,58,Higher Level
2041,1,Female,41,Higher Level
2042,0,Female,50,Elementary
2043,1,Male,48,Elementary
2044,1,Female,26,Elementary
2045,0,Male,74,No studies
2046,0,Female,78,No studies
2047,0,Male,38,Higher Level
2048,0,Male,33,Higher Level
2049,0,Female,40,Elementary
2050,0,Male,45,Elementary
2051,0,Male,40,PhD
2052,0,Female,43,Elementary
2053,1,Male,19,Elementary
2054,0,Female,64,Elementary
2055,0,Female,40,Higher Level
2056,0,Female,69,Elementary
2057,1,Female,31,Higher Level
2058,0,Male,51,Elementary
2059,1,Female,24,Higher Level
2060,0,Male,31,Elementary
2061,1,Male,30,Higher Level
2062,0,Male,62,Elementary
2063,1,Female,33,University
2064,0,Female,40,Elementary
2065,1,Male,42,Higher Level
2066,0,Female,60,Elementary
2067,0,Female,65,Elementary
2068,0,Female,62,No studies
2069,1,Female,26,Elementary
2070,0,Female,79,No studies
2071,1,Male,27,Elementary
2072,1,Male,38,Elementary
2073,0,Male,24,No studies
2074,0,Male,46,Elementary
2075,0,Male,65,No studies
2076,0,Female,24,Elementary
2077,1,Female,35,High School
2078,0,Female,74,High School
2079,1,Male,35,Higher Level
2080,1,Male,20,Higher Level
2081,1,Male,51,Elementary
2082,0,Male,64,Elementary
2083,1,Male,66,Elementary
2084,0,Female,60,Elementary
2085,0,Female,41,High School
2086,0,Male,75,Elementary
2087,1,Female,45,High School
2088,1,Male,44,Higher Level
2089,1,Male,61,Elementary
2090,0,Female,58,Elementary
2091,0,Female,78,No studies
2092,1,Female,27,University
2093,1,Male,25,PhD
2094,1,Male,43,High School
2095,1,Male,20,Elementary
2096,1,Male,29,PhD
2097,1,Female,43,Higher Level
2098,0,Female,58,Elementary
2099,0,Female,84,Higher Level
2100,1,Male,51,Elementary
2101,1,Female,22,PhD
2102,1,Female,37,Elementary
2103,1,Female,34,Elementary
2104,1,Male,18,Elementary
2105,0,Male,65,Elementary
2106,0,Female,65,Elementary
2107,0,Male,32,Elementary
2108,1,Male,41,Higher Level
2109,1,Male,51,Elementary
2110,0,Female,51,Elementary
2111,0,Female,65,No studies
2112,0,Male,43,Elementary
2113,0,Male,64,Elementary
2114,1,Male,37,Higher Level
2115,1,Female,34,Elementary
2116,0,Female,53,Higher Level
2117,0,Male,69,Elementary
2118,1,Female,19,Elementary
2119,1,Male,21,Higher Level
2120,0,Female,60,Elementary
2121,1,Female,39,PhD
2122,1,Male,34,Elementary
2123,0,Male,48,Elementary
2124,0,Female,70,Elementary
2125,1,Female,25,University
2126,1,Male,21,High School
2127,1,Male,64,Elementary
2128,0,Female,30,Elementary
2129,0,Female,38,Elementary
2130,1,Female,19,Elementary
2131,0,Male,76,Elementary
2132,1,Female,52,Elementary
2133,0,Female,81,No studies
2134,0,Male,37,Higher Level
2135,0,Male,49,Higher Level
2136,1,Female,27,University
2137,0,Male,33,Higher Level
2138,1,Female,39,PhD
2139,0,Male,74,No studies
2140,1,Female,53,Elementary
2141,0,Male,61,High School
2142,1,Male,35,High School
2143,0,Female,83,No studies
2144,1,Male,32,Elementary
2145,0,Female,78,Elementary
2146,1,Female,31,Higher Level
2147,1,Male,25,Elementary
2148,0,Male,54,Elementary
2149,1,Male,43,Higher Level
2150,1,Male,59,Elementary
2151,0,Male,69,Elementary
2152,1,Male,19,High School
2153,1,Female,20,High School
2154,1,Female,60,Elementary
2155,0,Female,47,Elementary
2156,0,Male,31,Elementary
2157,1,Female,33,PhD
2158,1,Female,42,University
2159,0,Male,71,Elementary
2160,1,Male,60,PhD
2161,0,Female,83,Elementary
2162,1,Female,49,Higher Level
2163,1,Male,43,Elementary
2164,1,Female,28,Elementary
2165,0,Male,43,High School
2166,0,Female,45,Elementary
2167,0,Male,79,Elementary
2168,1,Male,20,High School
2169,1,Female,20,University
2170,1,Female,38,PhD
2171,0,Female,60,Elementary
2172,1,Female,27,Higher Level
2173,1,Male,26,PhD
2174,0,Female,72,Elementary
2175,0,Female,42,Elementary
2176,1,Male,36,Higher Level
2177,0,Male,64,Elementary
2178,1,Male,46,Elementary
2179,1,Male,26,PhD
2180,1,Female,34,Higher Level
2181,1,Female,37,Higher Level
2182,0,Female,54,Elementary
2183,1,Male,29,Elementary
2184,1,Male,21,Higher Level
2185,0,Male,36,Elementary
2186,1,Female,23,Higher Level
2187,0,Female,70,No studies
2188,1,Male,45,Elementary
2189,0,Male,70,Elementary
2190,0,Female,61,Elementary
2191,0,Female,40,Elementary
2192,1,Female,24,Elementary
2193,1,Male,29,Elementary
2194,0,Male,59,Elementary
2195,1,Female,38,Higher Level
2196,1,Male,45,Higher Level
2197,0,Male,40,Elementary
2198,0,Female,82,No studies
2199,1,Male,51,Higher Level
2200,0,Male,77,Elementary
2201,1,Female,28,Higher Level
2202,1,Female,54,Elementary
2203,0,Female,69,Elementary
2204,1,Male,39,High School
2205,1,Female,23,Elementary
2206,1,Female,28,Elementary
2207,1,Male,30,Elementary
2208,1,Male,37,Elementary
2209,0,Female,42,Higher Level
2210,1,Male,46,PhD
2211,0,Male,89,No studies
2212,1,Male,26,Elementary
2213,1,Male,22,High School
2214,1,Female,31,High School
2215,0,Female,71,No studies
2216,1,Male,59,PhD
2217,0,Female,78,Elementary
2218,1,Male,41,Elementary
2219,0,Female,64,Elementary
2220,0,Female,39,Elementary
2221,0,Male,53,Elementary
2222,1,Male,33,Elementary
2223,0,Male,63,Elementary
2224,1,Male,33,High School
2225,1,Female,43,Higher Level
2226,1,Male,38,Elementary
2227,1,Female,52,Elementary
2228,0,Female,38,Elementary
2229,1,Male,24,Elementary
2230,1,Male,41,Elementary
2231,0,Female,79,Elementary
2232,1,Female,46,Higher Level
2233,1,Female,59,Higher Level
2234,1,Female,40,Elementary
2235,0,Female,59,Elementary
2236,1,Female,25,University
2237,0,Female,77,No studies
2238,0,Male,62,Elementary
2239,1,Male,28,Higher Level
2240,1,Male,33,Higher Level
2241,1,Male,36,University
2242,1,Male,38,Elementary
2243,1,Male,34,Elementary
2244,1,Female,49,Elementary
2245,0,Female,60,High School
2246,1,Male,80,PhD
2247,1,Female,66,University
2248,1,Male,45,Elementary
2249,1,Female,39,PhD
2250,1,Male,42,Higher Level
2251,0,Male,59,Elementary
2252,1,Female,67,Elementary
2253,1,Female,31,University
2254,1,Female,54,Elementary
2255,0,Male,62,PhD
2256,1,Female,39,University
2257,1,Male,28,University
2258,1,Male,70,PhD
2259,0,Female,58,Elementary
2260,1,Female,45,Elementary
2261,0,Female,65,Elementary
2262,1,Male,37,Elementary
2263,0,Male,46,Elementary
2264,1,Female,32,Elementary
2265,0,Male,70,No studies
2266,1,Male,33,Elementary
2267,1,Female,21,Higher Level
2268,1,Male,70,PhD
2269,1,Male,47,Higher Level
2270,1,Female,30,University
2271,1,Male,56,PhD
2272,0,Female,68,Elementary
2273,1,Female,56,Elementary
2274,1,Male,28,High School
2275,1,Female,22,University
2276,1,Female,49,Elementary
2277,0,Male,72,Elementary
2278,1,Male,24,Elementary
2279,1,Male,59,No studies
2280,1,Male,40,Higher Level
2281,0,Female,40,Elementary
2282,0,Female,65,Elementary
2283,1,Female,27,Higher Level
2284,0,Female,49,Elementary
2285,0,Male,72,PhD
2286,1,Female,32,High School
2287,0,Female,65,Elementary
2288,1,Male,31,University
2289,1,Male,20,Higher Level
2290,1,Female,18,High School
2291,1,Male,36,Higher Level
2292,0,Female,60,Elementary
2293,1,Female,28,High School
2294,0,Female,39,Higher Level
2295,1,Female,45,PhD
2296,1,Male,47,Higher Level
2297,1,Male,41,PhD
2298,0,Male,75,Elementary
2299,1,Female,48,University
2300,1,Female,44,Elementary
2301,1,Female,32,PhD
2302,1,Male,63,Elementary
2303,0,Male,58,Elementary
2304,0,Female,79,Elementary
2305,0,Male,73,Elementary
2306,1,Male,28,Elementary
2307,1,Male,18,Elementary
2308,0,Male,37,Elementary
2309,1,Female,53,Elementary
2310,0,Female,43,Elementary
2311,1,Male,50,Elementary
2312,0,Male,74,Elementary
2313,0,Female,80,No studies
2314,0,Female,68,No studies
2315,0,Female,77,Elementary
2316,1,Male,27,University
2317,0,Female,32,Higher Level
2318,1,Female,48,PhD
2319,1,Male,24,Elementary
2320,0,Female,64,Elementary
2321,1,Female,23,Higher Level
2322,1,Male,18,High School
2323,1,Male,54,Higher Level
2324,0,Female,64,Elementary
2325,0,Female,65,Elementary
2326,0,Female,39,Higher Level
2327,1,Male,35,Elementary
2328,0,Male,63,Elementary
2329,1,Female,45,Elementary
2330,1,Female,33,Elementary
2331,1,Female,23,Elementary
2332,0,Male,69,Elementary
2333,0,Female,61,Elementary
2334,0,Female,67,Elementary
2335,1,Male,28,Higher Level
2336,1,Male,36,Elementary
2337,0,Female,49,Higher Level
2338,1,Male,55,Elementary
2339,0,Male,40,Elementary
2340,1,Female,36,Elementary
2341,1,Male,25,Higher Level
2342,0,Male,65,Elementary
2343,1,Female,34,Higher Level
2344,0,Female,87,Elementary
2345,0,Male,50,Elementary
2346,0,Male,30,Elementary
2347,0,Male,84,Elementary
2348,1,Male,36,PhD
2349,1,Male,48,PhD
2350,1,Male,28,PhD
2351,0,Male,64,Higher Level
2352,0,Female,43,Higher Level
2353,0,Female,45,Elementary
2354,0,Female,64,Elementary
2355,1,Male,64,PhD
2356,1,Male,80,PhD
2357,0,Female,80,Elementary
2358,1,Female,39,PhD
2359,0,Female,67,Elementary
2360,0,Female,69,Elementary
2361,1,Male,41,Higher Level
2362,1,Female,20,PhD
2363,1,Female,45,Higher Level
2364,0,Male,64,Higher Level
2365,0,Male,71,Elementary
2366,1,Female,41,Higher Level
2367,1,Male,27,Higher Level
2368,0,Female,59,Elementary
2369,0,Male,58,Higher Level
2370,1,Female,29,Elementary
2371,0,Female,69,Elementary
2372,0,Female,57,Elementary
2373,0,Male,66,Elementary
2374,0,Male,50,Elementary
2375,0,Female,49,High School
2376,1,Male,19,High School
2377,0,Female,82,Elementary
2378,1,Male,33,Elementary
2379,1,Female,43,PhD
2380,1,Male,41,PhD
2381,0,Male,48,Elementary
2382,1,Female,25,PhD
2383,1,Female,28,PhD
2384,1,Male,40,Higher Level
2385,1,Male,47,Elementary
2386,0,Female,41,Elementary
2387,0,Female,55,Elementary
2388,0,Female,70,Elementary
2389,1,Female,30,PhD
2390,1,Male,33,High School
2391,1,Female,21,Higher Level
2392,1,Male,65,Higher Level
2393,0,Female,56,Elementary
2394,1,Male,39,Elementary
2395,0,Male,44,Elementary
2396,1,Female,44,Higher Level
2397,0,Male,82,No studies
2398,0,Female,78,No studies
2399,0,Female,56,Higher Level
2400,0,Male,46,High School
2401,0,Male,61,No studies
2402,1,Female,21,Higher Level
2403,1,Male,23,University
2404,1,Female,25,University
2405,0,Female,81,No studies
2406,0,Female,53,Elementary
2407,0,Female,68,Elementary
2408,0,Male,35,Elementary
2409,1,Male,29,Elementary
2410,0,Female,43,Elementary
2411,0,Male,53,Elementary
2412,0,Male,82,Elementary
2413,0,Female,38,Elementary
2414,1,Male,29,High School
2415,1,Female,48,High School
2416,1,Male,44,Elementary
2417,1,Female,33,High School
2418,1,Male,21,Elementary
2419,1,Male,49,University
2420,0,Female,56,Higher Level
2421,1,Male,39,Higher Level
2422,0,Female,46,Higher Level
2423,1,Female,28,University
2424,1,Male,29,Higher Level
2425,1,Female,35,Elementary
2426,0,Female,60,Elementary
2427,0,Female,70,Elementary
2428,1,Female,21,Higher Level
2429,0,Male,64,Elementary
2430,0,Male,72,Elementary
2431,0,Female,62,Elementary
2432,0,Female,66,Elementary
2433,0,Male,60,Elementary
2434,1,Male,31,High School
2435,0,Male,53,Elementary
2436,0,Male,82,Elementary
2437,0,Female,34,Elementary
2438,1,Female,44,PhD
2439,0,Male,74,Elementary
2440,0,Female,77,Elementary
2441,1,Male,51,PhD
2442,1,Male,38,High School
2443,0,Female,80,Elementary
2444,1,Female,33,Higher Level
2445,1,Male,21,Higher Level
2446,0,Female,54,Elementary
2447,1,Male,27,Elementary
2448,0,Female,64,No studies
2449,0,Male,92,No studies
2450,1,Male,43,Elementary
2451,1,Female,18,High School
2452,0,Female,54,Elementary
2453,1,Male,31,High School
2454,0,Male,52,Elementary
