"","uso_internet","sexo","edad","estudios"
"1",0,"Mujer",66,"Primaria"
"2",1,"Hombre",72,"Primaria"
"3",1,"Hombre",48,"Medios universitarios"
"4",0,"Hombre",59,"Superiores"
"5",1,"Mujer",44,"Superiores"
"6",1,"Mujer",34,"Superiores"
"7",1,"Mujer",49,"Superiores"
"8",1,"Hombre",43,"Medios universitarios"
"9",1,"Hombre",23,"Primaria"
"10",1,"Hombre",29,"F.P."
"11",0,"Mujer",73,"Primaria"
"12",0,"Mujer",42,"Primaria"
"13",1,"Mujer",26,"Primaria"
"14",0,"Mujer",48,"Primaria"
"15",0,"Hombre",79,"Sin estudios"
"16",1,"Hombre",38,"Primaria"
"17",0,"Mujer",61,"Primaria"
"18",1,"Hombre",34,"F.P."
"19",1,"Mujer",40,"Primaria"
"20",1,"Mujer",19,"Primaria"
"21",1,"Mujer",30,"Secundaria"
"22",0,"Mujer",84,"Primaria"
"23",0,"Hombre",51,"Primaria"
"24",1,"Hombre",62,"Superiores"
"25",0,"Hombre",37,"Primaria"
"26",0,"Mujer",67,"Primaria"
"27",1,"Mujer",24,"F.P."
"28",0,"Hombre",52,"Primaria"
"29",0,"Hombre",70,"Sin estudios"
"30",1,"Hombre",25,"Primaria"
"31",0,"Mujer",27,"Primaria"
"32",1,"Mujer",43,"Superiores"
"33",1,"Hombre",24,"Medios universitarios"
"34",0,"Mujer",65,"Sin estudios"
"35",0,"Mujer",63,"Primaria"
"36",0,"Mujer",32,"F.P."
"37",1,"Hombre",22,"Secundaria"
"38",0,"Hombre",61,"Primaria"
"39",1,"Hombre",49,"Secundaria"
"40",0,"Mujer",54,"Primaria"
"42",1,"Hombre",31,"Primaria"
"43",0,"Mujer",42,"Primaria"
"44",1,"Hombre",22,"Medios universitarios"
"45",0,"Mujer",65,"Primaria"
"46",0,"Mujer",43,"Primaria"
"47",1,"Hombre",64,"Medios universitarios"
"48",0,"Mujer",29,"Primaria"
"49",1,"Hombre",26,"Primaria"
"50",1,"Mujer",29,"Superiores"
"51",0,"Hombre",54,"Secundaria"
"52",0,"Mujer",90,"Primaria"
"53",0,"Hombre",79,"Sin estudios"
"54",0,"Hombre",38,"Primaria"
"55",0,"Hombre",65,"Primaria"
"56",0,"Mujer",61,"Primaria"
"57",0,"Mujer",53,"Secundaria"
"58",1,"Hombre",39,"Primaria"
"59",0,"Mujer",74,"Primaria"
"60",1,"Mujer",29,"Secundaria"
"61",0,"Mujer",49,"Primaria"
"62",0,"Hombre",54,"Primaria"
"63",0,"Hombre",64,"Primaria"
"64",0,"Hombre",29,"Primaria"
"65",1,"Hombre",19,"F.P."
"66",0,"Mujer",44,"Primaria"
"67",1,"Mujer",31,"Primaria"
"68",1,"Hombre",40,"Primaria"
"69",0,"Mujer",30,"Primaria"
"70",0,"Hombre",46,"Primaria"
"71",1,"Hombre",34,"Primaria"
"72",0,"Mujer",76,"Sin estudios"
"73",0,"Hombre",74,"Sin estudios"
"74",0,"Mujer",61,"Sin estudios"
"75",0,"Mujer",50,"Primaria"
"76",0,"Mujer",57,"Primaria"
"77",0,"Mujer",66,"Primaria"
"78",1,"Hombre",25,"Primaria"
"79",1,"Mujer",40,"Medios universitarios"
"80",0,"Hombre",58,"Primaria"
"81",0,"Hombre",73,"Primaria"
"82",1,"Mujer",27,"Superiores"
"83",0,"Hombre",41,"F.P."
"84",0,"Hombre",51,"F.P."
"85",0,"Hombre",47,"Primaria"
"86",0,"Hombre",43,"Primaria"
"87",1,"Mujer",23,"Primaria"
"88",1,"Mujer",29,"Primaria"
"89",1,"Mujer",47,"Superiores"
"90",0,"Mujer",61,"Sin estudios"
"91",1,"Hombre",21,"Secundaria"
"92",0,"Hombre",39,"Primaria"
"93",1,"Mujer",32,"Primaria"
"94",1,"Hombre",34,"F.P."
"95",1,"Mujer",47,"F.P."
"96",0,"Mujer",66,"Primaria"
"97",0,"Hombre",73,"Sin estudios"
"98",0,"Hombre",63,"Sin estudios"
"99",0,"Mujer",40,"Primaria"
"100",1,"Hombre",39,"Primaria"
"101",0,"Mujer",73,"Sin estudios"
"102",0,"Hombre",37,"Primaria"
"103",0,"Mujer",58,"Sin estudios"
"104",0,"Mujer",37,"Secundaria"
"105",1,"Hombre",33,"Primaria"
"106",1,"Mujer",23,"Primaria"
"107",0,"Hombre",68,"Primaria"
"108",1,"Hombre",46,"Primaria"
"109",0,"Mujer",44,"Primaria"
"110",1,"Mujer",50,"F.P."
"111",0,"Hombre",58,"Primaria"
"112",1,"Hombre",47,"Primaria"
"113",0,"Mujer",56,"Primaria"
"114",0,"Hombre",68,"Medios universitarios"
"115",1,"Hombre",29,"Superiores"
"116",1,"Hombre",36,"Primaria"
"117",1,"Mujer",32,"Superiores"
"118",0,"Mujer",65,"Sin estudios"
"119",1,"Mujer",32,"Primaria"
"120",0,"Hombre",38,"Primaria"
"121",1,"Mujer",19,"Secundaria"
"122",0,"Hombre",61,"Primaria"
"123",1,"Mujer",40,"Primaria"
"124",1,"Mujer",46,"Secundaria"
"125",1,"Mujer",40,"Secundaria"
"126",0,"Mujer",75,"Primaria"
"127",0,"Hombre",71,"Medios universitarios"
"128",1,"Hombre",18,"Primaria"
"129",1,"Hombre",30,"Medios universitarios"
"130",0,"Mujer",64,"Primaria"
"131",1,"Mujer",33,"Primaria"
"132",1,"Hombre",40,"F.P."
"133",0,"Mujer",71,"Primaria"
"134",0,"Hombre",71,"Sin estudios"
"135",1,"Mujer",45,"Primaria"
"136",0,"Hombre",50,"Sin estudios"
"137",1,"Hombre",24,"Primaria"
"138",0,"Hombre",82,"Primaria"
"139",0,"Mujer",77,"Sin estudios"
"140",0,"Hombre",60,"Primaria"
"141",0,"Mujer",49,"Primaria"
"142",1,"Hombre",47,"Primaria"
"143",1,"Hombre",22,"Primaria"
"144",0,"Mujer",37,"Primaria"
"145",1,"Mujer",20,"F.P."
"146",0,"Mujer",56,"Primaria"
"147",0,"Mujer",73,"Sin estudios"
"148",1,"Hombre",34,"Primaria"
"149",1,"Mujer",26,"Primaria"
"150",1,"Mujer",41,"Primaria"
"151",0,"Hombre",79,"Sin estudios"
"152",0,"Hombre",51,"Primaria"
"153",0,"Hombre",43,"Primaria"
"154",0,"Mujer",55,"Primaria"
"155",1,"Hombre",31,"Primaria"
"156",1,"Mujer",18,"Primaria"
"157",0,"Mujer",37,"Primaria"
"158",0,"Mujer",25,"Secundaria"
"159",0,"Hombre",39,"Secundaria"
"160",1,"Hombre",59,"Primaria"
"161",0,"Mujer",65,"Primaria"
"162",1,"Hombre",21,"Primaria"
"163",1,"Hombre",32,"Primaria"
"164",0,"Hombre",80,"Primaria"
"165",0,"Hombre",80,"Primaria"
"166",0,"Hombre",83,"Sin estudios"
"167",0,"Mujer",74,"Primaria"
"168",0,"Hombre",35,"F.P."
"169",1,"Mujer",43,"F.P."
"170",0,"Mujer",33,"Primaria"
"171",0,"Mujer",62,"Primaria"
"172",1,"Mujer",48,"Secundaria"
"173",1,"Hombre",41,"Primaria"
"174",1,"Mujer",29,"Secundaria"
"175",1,"Hombre",45,"Primaria"
"176",0,"Mujer",76,"Medios universitarios"
"177",0,"Hombre",54,"Primaria"
"178",0,"Mujer",76,"Primaria"
"179",1,"Hombre",20,"Secundaria"
"180",1,"Hombre",42,"Medios universitarios"
"181",1,"Hombre",25,"F.P."
"182",0,"Hombre",57,"Primaria"
"183",0,"Mujer",70,"Primaria"
"184",0,"Mujer",33,"Primaria"
"185",1,"Mujer",44,"Superiores"
"186",0,"Mujer",56,"Medios universitarios"
"187",1,"Hombre",53,"F.P."
"188",1,"Hombre",65,"Secundaria"
"189",1,"Mujer",29,"Medios universitarios"
"190",1,"Hombre",44,"F.P."
"191",0,"Mujer",55,"Secundaria"
"192",1,"Mujer",54,"Medios universitarios"
"193",1,"Mujer",43,"Superiores"
"194",0,"Hombre",62,"Primaria"
"195",0,"Mujer",67,"Primaria"
"196",1,"Hombre",19,"Primaria"
"197",0,"Mujer",74,"Primaria"
"198",0,"Mujer",27,"Secundaria"
"199",0,"Hombre",34,"Primaria"
"200",0,"Hombre",54,"Primaria"
"201",0,"Hombre",75,"Primaria"
"202",0,"Hombre",28,"Primaria"
"203",1,"Hombre",46,"Primaria"
"204",1,"Hombre",18,"Primaria"
"205",0,"Mujer",74,"Sin estudios"
"206",1,"Mujer",35,"Secundaria"
"207",0,"Mujer",23,"Secundaria"
"208",0,"Hombre",25,"F.P."
"209",1,"Mujer",18,"Primaria"
"210",1,"Hombre",56,"Primaria"
"211",0,"Mujer",33,"Secundaria"
"212",0,"Mujer",43,"Primaria"
"213",0,"Hombre",74,"Secundaria"
"214",1,"Mujer",69,"Primaria"
"215",0,"Mujer",58,"Primaria"
"216",0,"Hombre",48,"Primaria"
"217",0,"Hombre",74,"Sin estudios"
"218",1,"Mujer",39,"F.P."
"219",0,"Hombre",44,"Primaria"
"220",0,"Mujer",53,"Sin estudios"
"221",1,"Mujer",19,"Primaria"
"222",1,"Hombre",44,"Medios universitarios"
"223",0,"Mujer",54,"Primaria"
"224",1,"Mujer",38,"Medios universitarios"
"225",0,"Mujer",85,"Primaria"
"226",1,"Mujer",31,"Medios universitarios"
"227",0,"Hombre",71,"Primaria"
"228",1,"Hombre",42,"Superiores"
"229",0,"Mujer",57,"Sin estudios"
"230",1,"Hombre",51,"Medios universitarios"
"231",1,"Hombre",64,"Primaria"
"232",1,"Hombre",31,"F.P."
"233",0,"Mujer",66,"Sin estudios"
"234",0,"Mujer",31,"Primaria"
"235",0,"Hombre",81,"Sin estudios"
"236",0,"Mujer",47,"Primaria"
"237",0,"Mujer",19,"Primaria"
"238",1,"Hombre",24,"Primaria"
"239",1,"Hombre",48,"Primaria"
"240",1,"Hombre",25,"Primaria"
"241",0,"Hombre",50,"Primaria"
"242",0,"Mujer",38,"Primaria"
"243",1,"Mujer",21,"Medios universitarios"
"244",1,"Mujer",34,"Secundaria"
"245",0,"Mujer",65,"Secundaria"
"247",0,"Hombre",35,"Primaria"
"248",1,"Hombre",37,"Primaria"
"249",1,"Mujer",64,"Primaria"
"250",1,"Hombre",47,"Medios universitarios"
"251",1,"Mujer",19,"Primaria"
"252",1,"Hombre",38,"F.P."
"253",1,"Hombre",28,"F.P."
"254",1,"Mujer",33,"F.P."
"255",0,"Mujer",75,"Primaria"
"256",1,"Hombre",73,"Secundaria"
"257",1,"Mujer",41,"Medios universitarios"
"258",1,"Hombre",54,"Primaria"
"259",1,"Hombre",23,"Primaria"
"260",1,"Hombre",32,"Medios universitarios"
"261",0,"Hombre",60,"Primaria"
"262",0,"Mujer",58,"Superiores"
"263",1,"Mujer",47,"Medios universitarios"
"264",0,"Mujer",71,"Primaria"
"265",1,"Mujer",35,"Medios universitarios"
"266",1,"Mujer",30,"F.P."
"267",1,"Hombre",41,"Superiores"
"268",0,"Hombre",82,"Primaria"
"269",1,"Mujer",26,"Medios universitarios"
"270",1,"Mujer",28,"Primaria"
"271",1,"Hombre",25,"Superiores"
"272",1,"Mujer",43,"Superiores"
"273",0,"Mujer",84,"Primaria"
"274",1,"Hombre",38,"Superiores"
"275",1,"Hombre",48,"Secundaria"
"276",0,"Mujer",74,"Primaria"
"277",1,"Mujer",37,"Medios universitarios"
"278",0,"Mujer",72,"Primaria"
"279",0,"Hombre",69,"Primaria"
"280",1,"Hombre",29,"Superiores"
"281",1,"Mujer",29,"Medios universitarios"
"282",0,"Mujer",52,"Primaria"
"283",1,"Mujer",53,"Secundaria"
"284",1,"Hombre",35,"Superiores"
"285",1,"Mujer",24,"Superiores"
"286",0,"Mujer",83,"F.P."
"287",1,"Hombre",32,"F.P."
"288",0,"Mujer",57,"Primaria"
"289",1,"Hombre",39,"F.P."
"290",1,"Mujer",39,"F.P."
"291",0,"Mujer",64,"Primaria"
"292",1,"Mujer",33,"Medios universitarios"
"293",1,"Hombre",56,"Medios universitarios"
"294",0,"Hombre",57,"Primaria"
"295",0,"Mujer",48,"F.P."
"296",0,"Hombre",70,"Primaria"
"297",1,"Hombre",29,"F.P."
"298",0,"Mujer",66,"Primaria"
"299",0,"Hombre",69,"Primaria"
"300",1,"Hombre",28,"Superiores"
"301",1,"Hombre",41,"Secundaria"
"302",0,"Mujer",81,"Primaria"
"303",1,"Mujer",51,"Secundaria"
"304",1,"Mujer",56,"Secundaria"
"305",1,"Hombre",20,"Secundaria"
"306",1,"Hombre",38,"Medios universitarios"
"307",0,"Hombre",53,"Primaria"
"308",1,"Hombre",37,"F.P."
"309",1,"Hombre",24,"F.P."
"310",0,"Hombre",40,"F.P."
"311",1,"Mujer",24,"Primaria"
"312",1,"Hombre",29,"F.P."
"313",0,"Mujer",75,"Primaria"
"314",1,"Mujer",35,"Secundaria"
"315",1,"Mujer",34,"Primaria"
"316",1,"Hombre",34,"F.P."
"317",1,"Mujer",35,"Superiores"
"318",0,"Hombre",61,"Secundaria"
"319",0,"Mujer",72,"Primaria"
"320",1,"Mujer",25,"F.P."
"321",0,"Mujer",64,"Primaria"
"322",1,"Hombre",49,"Secundaria"
"323",1,"Hombre",41,"Medios universitarios"
"324",1,"Hombre",32,"Primaria"
"325",1,"Hombre",24,"Primaria"
"326",1,"Mujer",18,"F.P."
"327",0,"Mujer",56,"Primaria"
"328",1,"Hombre",35,"Superiores"
"329",1,"Hombre",65,"Primaria"
"330",0,"Mujer",46,"F.P."
"331",0,"Mujer",86,"Primaria"
"332",0,"Hombre",60,"Superiores"
"333",1,"Mujer",26,"Superiores"
"334",0,"Mujer",85,"Sin estudios"
"335",1,"Hombre",18,"Secundaria"
"336",1,"Mujer",23,"Primaria"
"337",1,"Hombre",20,"Secundaria"
"338",0,"Mujer",70,"F.P."
"339",0,"Mujer",31,"Primaria"
"340",0,"Mujer",51,"Secundaria"
"341",1,"Hombre",27,"F.P."
"342",0,"Mujer",69,"Primaria"
"343",1,"Hombre",32,"F.P."
"344",1,"Hombre",32,"F.P."
"345",1,"Hombre",39,"Superiores"
"346",0,"Mujer",48,"Primaria"
"347",0,"Hombre",56,"Primaria"
"348",1,"Mujer",21,"Secundaria"
"349",1,"Mujer",41,"F.P."
"350",1,"Hombre",54,"Primaria"
"351",0,"Mujer",32,"Primaria"
"352",1,"Hombre",53,"Primaria"
"353",1,"Mujer",26,"Primaria"
"354",0,"Mujer",51,"Primaria"
"355",0,"Mujer",67,"Primaria"
"356",0,"Hombre",60,"Primaria"
"357",0,"Hombre",70,"Primaria"
"358",1,"Hombre",41,"F.P."
"359",1,"Mujer",39,"Superiores"
"360",0,"Mujer",51,"F.P."
"361",1,"Hombre",28,"Medios universitarios"
"362",0,"Mujer",64,"Primaria"
"363",1,"Hombre",41,"F.P."
"364",1,"Hombre",55,"Superiores"
"365",1,"Hombre",32,"Superiores"
"366",1,"Hombre",33,"F.P."
"367",1,"Mujer",43,"Primaria"
"368",1,"Mujer",25,"Primaria"
"369",1,"Mujer",67,"Secundaria"
"370",0,"Hombre",55,"Primaria"
"371",0,"Mujer",47,"Primaria"
"372",0,"Hombre",65,"F.P."
"373",0,"Hombre",59,"Sin estudios"
"374",1,"Mujer",45,"Secundaria"
"375",0,"Mujer",71,"F.P."
"376",1,"Mujer",35,"Superiores"
"377",1,"Mujer",24,"Medios universitarios"
"378",0,"Hombre",82,"Primaria"
"379",1,"Hombre",18,"Secundaria"
"380",1,"Hombre",28,"Superiores"
"381",1,"Hombre",44,"Superiores"
"382",1,"Mujer",18,"Primaria"
"383",0,"Mujer",81,"Sin estudios"
"384",0,"Hombre",73,"Primaria"
"385",1,"Hombre",51,"Primaria"
"386",1,"Mujer",28,"Primaria"
"387",1,"Hombre",22,"Primaria"
"388",1,"Hombre",43,"F.P."
"389",0,"Mujer",43,"F.P."
"390",1,"Hombre",33,"Medios universitarios"
"391",0,"Mujer",65,"Primaria"
"392",0,"Hombre",64,"Primaria"
"393",1,"Hombre",27,"Medios universitarios"
"394",0,"Mujer",50,"Primaria"
"395",1,"Mujer",33,"Superiores"
"396",0,"Mujer",81,"F.P."
"397",0,"Mujer",68,"Secundaria"
"398",1,"Hombre",45,"Primaria"
"399",1,"Hombre",40,"Secundaria"
"400",1,"Mujer",45,"Superiores"
"401",1,"Mujer",42,"F.P."
"402",1,"Mujer",41,"Primaria"
"403",1,"Mujer",48,"F.P."
"404",1,"Mujer",73,"Primaria"
"405",0,"Hombre",68,"Sin estudios"
"406",1,"Mujer",28,"Superiores"
"407",1,"Mujer",22,"F.P."
"408",0,"Mujer",61,"Primaria"
"409",1,"Hombre",23,"F.P."
"410",0,"Hombre",78,"Primaria"
"411",1,"Hombre",53,"Primaria"
"412",1,"Hombre",33,"F.P."
"413",0,"Mujer",68,"Primaria"
"414",0,"Mujer",55,"Primaria"
"415",1,"Hombre",31,"Primaria"
"416",1,"Mujer",21,"Secundaria"
"417",1,"Hombre",33,"Superiores"
"418",0,"Mujer",77,"Primaria"
"419",1,"Mujer",45,"Secundaria"
"420",1,"Hombre",66,"F.P."
"421",0,"Mujer",63,"Primaria"
"422",1,"Hombre",21,"Secundaria"
"423",1,"Hombre",41,"Superiores"
"424",1,"Hombre",49,"Primaria"
"425",1,"Mujer",32,"F.P."
"426",0,"Hombre",67,"Primaria"
"427",1,"Mujer",29,"Primaria"
"428",0,"Hombre",74,"Sin estudios"
"429",1,"Hombre",40,"Secundaria"
"430",0,"Hombre",30,"Primaria"
"431",1,"Hombre",30,"Primaria"
"432",1,"Hombre",36,"Primaria"
"433",0,"Mujer",65,"Sin estudios"
"434",1,"Hombre",81,"Primaria"
"435",0,"Mujer",63,"Sin estudios"
"436",1,"Mujer",24,"Superiores"
"437",1,"Mujer",42,"Superiores"
"438",1,"Hombre",52,"Primaria"
"439",1,"Mujer",41,"Superiores"
"440",0,"Hombre",71,"Sin estudios"
"441",0,"Hombre",37,"F.P."
"442",1,"Mujer",29,"Medios universitarios"
"443",1,"Mujer",51,"Medios universitarios"
"444",1,"Hombre",48,"F.P."
"445",0,"Mujer",57,"Primaria"
"446",1,"Hombre",43,"Secundaria"
"447",1,"Hombre",22,"Primaria"
"448",1,"Hombre",35,"F.P."
"449",0,"Hombre",90,"Sin estudios"
"450",1,"Mujer",68,"Medios universitarios"
"451",0,"Mujer",41,"Primaria"
"452",1,"Hombre",19,"Secundaria"
"453",1,"Hombre",39,"Primaria"
"454",0,"Hombre",52,"Primaria"
"455",1,"Hombre",19,"F.P."
"456",0,"Mujer",34,"Primaria"
"457",1,"Hombre",28,"Superiores"
"458",0,"Mujer",58,"Primaria"
"459",0,"Hombre",64,"Primaria"
"460",0,"Mujer",42,"Medios universitarios"
"461",0,"Mujer",69,"Sin estudios"
"462",1,"Hombre",26,"Secundaria"
"463",0,"Hombre",73,"Primaria"
"464",1,"Hombre",50,"Secundaria"
"465",0,"Mujer",43,"F.P."
"466",0,"Mujer",82,"Primaria"
"467",0,"Mujer",55,"F.P."
"468",1,"Hombre",35,"F.P."
"469",0,"Mujer",79,"Sin estudios"
"470",1,"Mujer",33,"F.P."
"471",1,"Hombre",30,"Primaria"
"472",0,"Hombre",57,"F.P."
"473",1,"Hombre",30,"Medios universitarios"
"474",1,"Hombre",32,"Medios universitarios"
"475",0,"Mujer",63,"Primaria"
"476",1,"Mujer",50,"F.P."
"477",1,"Mujer",44,"F.P."
"478",0,"Mujer",71,"Sin estudios"
"479",0,"Mujer",42,"Primaria"
"480",0,"Mujer",47,"Primaria"
"481",1,"Mujer",24,"F.P."
"482",1,"Hombre",55,"Medios universitarios"
"483",1,"Hombre",32,"Secundaria"
"484",1,"Mujer",32,"Superiores"
"485",0,"Mujer",78,"Primaria"
"486",0,"Mujer",73,"Sin estudios"
"487",0,"Mujer",60,"Primaria"
"488",1,"Mujer",33,"Primaria"
"489",0,"Mujer",35,"Primaria"
"490",0,"Mujer",52,"Primaria"
"491",1,"Hombre",31,"F.P."
"492",0,"Hombre",49,"Primaria"
"493",1,"Hombre",35,"Secundaria"
"494",1,"Hombre",28,"Primaria"
"495",1,"Mujer",38,"Primaria"
"496",1,"Mujer",30,"Medios universitarios"
"497",1,"Hombre",56,"Primaria"
"498",1,"Mujer",30,"Secundaria"
"499",1,"Mujer",37,"Superiores"
"500",1,"Hombre",31,"Medios universitarios"
"501",0,"Mujer",64,"Primaria"
"502",1,"Hombre",50,"Secundaria"
"503",1,"Hombre",55,"Superiores"
"504",0,"Mujer",43,"Secundaria"
"505",1,"Hombre",37,"Primaria"
"506",1,"Hombre",49,"Primaria"
"507",1,"Hombre",21,"Primaria"
"508",0,"Hombre",57,"F.P."
"509",1,"Mujer",21,"Primaria"
"511",1,"Hombre",38,"Primaria"
"512",0,"Hombre",70,"Primaria"
"513",0,"Mujer",57,"Primaria"
"514",0,"Mujer",82,"Sin estudios"
"515",0,"Mujer",40,"Primaria"
"516",0,"Mujer",72,"Sin estudios"
"517",1,"Hombre",36,"F.P."
"518",0,"Hombre",65,"Primaria"
"519",1,"Hombre",23,"Primaria"
"520",1,"Mujer",29,"Secundaria"
"521",1,"Hombre",48,"Secundaria"
"522",0,"Mujer",41,"Primaria"
"523",0,"Mujer",57,"Primaria"
"524",1,"Mujer",47,"Superiores"
"525",0,"Mujer",70,"Primaria"
"526",1,"Hombre",60,"Superiores"
"527",1,"Mujer",18,"Primaria"
"528",1,"Hombre",40,"Superiores"
"529",1,"Mujer",35,"Secundaria"
"530",1,"Hombre",46,"F.P."
"531",1,"Mujer",55,"Secundaria"
"532",1,"Hombre",60,"Primaria"
"533",1,"Hombre",29,"F.P."
"534",1,"Mujer",34,"F.P."
"535",1,"Mujer",39,"F.P."
"536",1,"Mujer",19,"Secundaria"
"537",1,"Hombre",47,"Secundaria"
"538",0,"Hombre",65,"Primaria"
"539",1,"Mujer",35,"F.P."
"541",0,"Hombre",54,"Primaria"
"542",1,"Hombre",60,"F.P."
"543",0,"Mujer",78,"Primaria"
"544",0,"Mujer",26,"F.P."
"545",0,"Mujer",59,"Medios universitarios"
"546",1,"Hombre",33,"F.P."
"547",1,"Mujer",33,"Secundaria"
"548",1,"Hombre",58,"Medios universitarios"
"549",0,"Hombre",80,"Primaria"
"550",1,"Mujer",47,"F.P."
"551",1,"Mujer",43,"Superiores"
"552",1,"Hombre",46,"Superiores"
"553",1,"Mujer",20,"F.P."
"554",1,"Hombre",37,"Superiores"
"555",0,"Mujer",85,"Superiores"
"556",0,"Mujer",75,"Primaria"
"557",0,"Hombre",80,"Primaria"
"558",1,"Hombre",33,"Secundaria"
"559",0,"Mujer",77,"Sin estudios"
"560",0,"Mujer",52,"Primaria"
"561",0,"Hombre",37,"Primaria"
"562",0,"Mujer",57,"Primaria"
"563",1,"Hombre",28,"F.P."
"564",0,"Hombre",62,"Primaria"
"565",0,"Hombre",33,"Primaria"
"566",1,"Hombre",50,"Superiores"
"567",0,"Hombre",75,"Primaria"
"568",1,"Mujer",26,"Superiores"
"569",1,"Mujer",41,"Medios universitarios"
"570",1,"Mujer",35,"Primaria"
"571",1,"Mujer",34,"Superiores"
"572",1,"Mujer",44,"Medios universitarios"
"573",1,"Hombre",18,"Primaria"
"574",1,"Hombre",26,"Secundaria"
"575",0,"Mujer",62,"Primaria"
"576",0,"Hombre",54,"Secundaria"
"577",0,"Hombre",64,"F.P."
"578",1,"Hombre",36,"Superiores"
"579",0,"Mujer",31,"F.P."
"580",1,"Mujer",54,"Medios universitarios"
"581",0,"Mujer",41,"Secundaria"
"582",1,"Mujer",20,"Medios universitarios"
"583",1,"Mujer",65,"Secundaria"
"584",0,"Hombre",53,"F.P."
"585",0,"Mujer",65,"Medios universitarios"
"586",0,"Hombre",76,"Primaria"
"588",0,"Mujer",58,"Primaria"
"589",1,"Mujer",46,"Medios universitarios"
"590",0,"Hombre",23,"Primaria"
"591",0,"Mujer",80,"Sin estudios"
"592",1,"Hombre",43,"Primaria"
"593",1,"Mujer",37,"Secundaria"
"594",1,"Hombre",28,"Primaria"
"595",1,"Mujer",47,"Secundaria"
"596",0,"Mujer",86,"Sin estudios"
"597",0,"Hombre",48,"Primaria"
"598",0,"Hombre",74,"Primaria"
"599",1,"Hombre",35,"Primaria"
"600",0,"Mujer",59,"Primaria"
"601",1,"Mujer",26,"Medios universitarios"
"602",1,"Hombre",25,"Secundaria"
"603",0,"Hombre",75,"Primaria"
"604",1,"Mujer",42,"Primaria"
"605",0,"Mujer",84,"Sin estudios"
"606",1,"Mujer",31,"Primaria"
"607",1,"Hombre",32,"Primaria"
"608",1,"Hombre",22,"F.P."
"609",0,"Hombre",59,"Primaria"
"610",0,"Mujer",57,"Primaria"
"611",1,"Hombre",40,"F.P."
"612",1,"Hombre",46,"Secundaria"
"613",1,"Hombre",43,"F.P."
"614",1,"Mujer",43,"Superiores"
"615",1,"Mujer",28,"Superiores"
"616",1,"Hombre",70,"F.P."
"617",1,"Mujer",53,"Superiores"
"618",0,"Mujer",27,"Secundaria"
"619",1,"Mujer",40,"Medios universitarios"
"620",1,"Hombre",31,"Medios universitarios"
"621",0,"Mujer",56,"Primaria"
"622",1,"Mujer",27,"F.P."
"623",0,"Mujer",75,"Primaria"
"624",0,"Hombre",42,"Primaria"
"625",1,"Mujer",46,"Primaria"
"626",1,"Hombre",48,"F.P."
"627",0,"Mujer",81,"Sin estudios"
"628",0,"Hombre",52,"Primaria"
"629",0,"Mujer",30,"Primaria"
"630",1,"Hombre",43,"Primaria"
"631",0,"Mujer",18,"Primaria"
"632",1,"Mujer",42,"Secundaria"
"633",0,"Hombre",72,"Sin estudios"
"634",0,"Hombre",21,"Primaria"
"635",0,"Hombre",63,"Primaria"
"636",1,"Mujer",41,"Primaria"
"637",0,"Hombre",35,"Sin estudios"
"638",0,"Mujer",72,"Sin estudios"
"639",0,"Mujer",61,"Sin estudios"
"640",1,"Hombre",20,"Primaria"
"641",0,"Mujer",74,"Sin estudios"
"642",1,"Hombre",63,"Primaria"
"643",1,"Hombre",27,"Primaria"
"644",1,"Mujer",29,"F.P."
"645",0,"Mujer",50,"F.P."
"646",1,"Hombre",33,"Primaria"
"647",1,"Hombre",25,"F.P."
"648",1,"Mujer",51,"Superiores"
"649",1,"Hombre",47,"Secundaria"
"650",0,"Hombre",69,"Primaria"
"651",1,"Mujer",26,"Secundaria"
"652",1,"Mujer",18,"Secundaria"
"653",0,"Mujer",67,"Sin estudios"
"654",1,"Mujer",37,"Medios universitarios"
"655",1,"Hombre",43,"Medios universitarios"
"656",1,"Hombre",37,"Secundaria"
"657",1,"Hombre",19,"Secundaria"
"658",1,"Hombre",29,"Superiores"
"659",1,"Mujer",34,"Primaria"
"660",0,"Mujer",58,"Primaria"
"661",0,"Hombre",67,"Sin estudios"
"662",0,"Mujer",43,"Primaria"
"663",0,"Mujer",45,"Primaria"
"664",0,"Mujer",77,"Primaria"
"665",1,"Hombre",41,"Primaria"
"666",0,"Hombre",79,"Sin estudios"
"667",1,"Hombre",29,"Primaria"
"668",1,"Hombre",40,"F.P."
"669",0,"Mujer",20,"Primaria"
"670",0,"Mujer",26,"Primaria"
"671",0,"Mujer",54,"Sin estudios"
"672",0,"Mujer",57,"Primaria"
"673",0,"Mujer",38,"Primaria"
"674",0,"Hombre",48,"Primaria"
"675",1,"Hombre",26,"Primaria"
"676",0,"Hombre",68,"Sin estudios"
"677",0,"Hombre",26,"Primaria"
"678",0,"Mujer",31,"Secundaria"
"679",0,"Mujer",73,"Sin estudios"
"680",1,"Hombre",38,"Primaria"
"681",1,"Mujer",40,"Primaria"
"682",0,"Hombre",52,"Primaria"
"683",0,"Hombre",66,"Primaria"
"684",1,"Mujer",32,"Primaria"
"685",0,"Mujer",56,"Primaria"
"686",1,"Hombre",28,"Primaria"
"687",0,"Mujer",81,"Sin estudios"
"688",1,"Hombre",21,"Primaria"
"689",0,"Mujer",39,"F.P."
"690",0,"Hombre",44,"Primaria"
"691",1,"Hombre",26,"Medios universitarios"
"692",1,"Mujer",45,"Primaria"
"693",0,"Hombre",67,"Primaria"
"694",1,"Mujer",31,"Medios universitarios"
"695",1,"Mujer",32,"F.P."
"696",0,"Mujer",44,"Primaria"
"697",0,"Mujer",70,"Sin estudios"
"698",0,"Hombre",75,"Sin estudios"
"699",0,"Mujer",55,"Primaria"
"700",0,"Hombre",50,"F.P."
"701",0,"Hombre",62,"Primaria"
"702",1,"Hombre",31,"Superiores"
"703",1,"Hombre",40,"F.P."
"704",0,"Mujer",59,"Primaria"
"705",1,"Hombre",48,"F.P."
"706",0,"Mujer",30,"Primaria"
"707",0,"Mujer",65,"Medios universitarios"
"708",1,"Mujer",45,"Superiores"
"709",0,"Hombre",56,"Primaria"
"710",0,"Mujer",58,"Medios universitarios"
"711",1,"Hombre",28,"Primaria"
"712",1,"Mujer",32,"Superiores"
"713",0,"Mujer",70,"Primaria"
"714",0,"Hombre",77,"Sin estudios"
"715",0,"Hombre",57,"Primaria"
"716",0,"Mujer",52,"Primaria"
"717",0,"Mujer",39,"Primaria"
"718",0,"Hombre",40,"Primaria"
"719",0,"Hombre",86,"Primaria"
"720",1,"Hombre",20,"Primaria"
"721",0,"Mujer",65,"Sin estudios"
"722",0,"Hombre",40,"Primaria"
"723",0,"Hombre",51,"Primaria"
"725",1,"Hombre",20,"Primaria"
"726",0,"Hombre",70,"Primaria"
"727",1,"Mujer",40,"Primaria"
"728",1,"Hombre",28,"Medios universitarios"
"729",0,"Hombre",44,"Primaria"
"730",0,"Mujer",44,"Primaria"
"731",0,"Mujer",67,"Primaria"
"732",1,"Hombre",34,"Medios universitarios"
"733",0,"Hombre",75,"Primaria"
"734",0,"Mujer",57,"Primaria"
"735",1,"Mujer",18,"Primaria"
"736",1,"Hombre",48,"Secundaria"
"737",1,"Hombre",37,"Medios universitarios"
"738",0,"Mujer",45,"Primaria"
"739",1,"Mujer",23,"Primaria"
"740",1,"Hombre",48,"Primaria"
"741",0,"Mujer",44,"Primaria"
"742",1,"Mujer",29,"Primaria"
"743",0,"Hombre",56,"Primaria"
"744",1,"Hombre",34,"Primaria"
"745",1,"Mujer",32,"F.P."
"746",1,"Mujer",42,"Primaria"
"747",0,"Hombre",55,"Primaria"
"748",0,"Hombre",40,"F.P."
"749",0,"Hombre",71,"Primaria"
"750",0,"Mujer",62,"Primaria"
"751",1,"Mujer",18,"Primaria"
"752",0,"Mujer",87,"Sin estudios"
"753",0,"Mujer",68,"Sin estudios"
"754",0,"Hombre",55,"Sin estudios"
"755",0,"Hombre",39,"Primaria"
"756",0,"Mujer",57,"Primaria"
"757",0,"Hombre",19,"Primaria"
"758",1,"Hombre",30,"Primaria"
"759",0,"Mujer",46,"Primaria"
"760",1,"Mujer",35,"Medios universitarios"
"761",0,"Mujer",22,"F.P."
"762",1,"Mujer",28,"Primaria"
"763",0,"Mujer",70,"Sin estudios"
"764",0,"Mujer",38,"Primaria"
"765",1,"Mujer",45,"Primaria"
"766",0,"Hombre",28,"Primaria"
"767",0,"Hombre",48,"Primaria"
"769",1,"Hombre",36,"Superiores"
"770",0,"Hombre",86,"Sin estudios"
"771",0,"Hombre",54,"Primaria"
"772",0,"Hombre",44,"Primaria"
"773",0,"Mujer",37,"Medios universitarios"
"774",1,"Hombre",28,"F.P."
"775",0,"Hombre",54,"Primaria"
"776",0,"Hombre",73,"Primaria"
"777",0,"Mujer",73,"Primaria"
"778",0,"Mujer",32,"Primaria"
"779",0,"Mujer",61,"Primaria"
"780",0,"Hombre",68,"Primaria"
"781",0,"Mujer",83,"Medios universitarios"
"782",0,"Hombre",45,"Primaria"
"783",1,"Mujer",30,"Superiores"
"784",1,"Mujer",38,"Primaria"
"785",1,"Hombre",24,"Primaria"
"786",0,"Mujer",51,"Medios universitarios"
"787",1,"Hombre",38,"F.P."
"788",0,"Mujer",64,"Primaria"
"789",0,"Mujer",74,"Medios universitarios"
"790",0,"Mujer",48,"Primaria"
"791",1,"Mujer",21,"F.P."
"792",0,"Mujer",29,"Primaria"
"793",1,"Hombre",31,"F.P."
"794",0,"Hombre",71,"Primaria"
"795",1,"Hombre",48,"Primaria"
"796",0,"Hombre",64,"Secundaria"
"797",1,"Hombre",35,"Primaria"
"798",0,"Mujer",60,"Secundaria"
"799",0,"Hombre",63,"Primaria"
"800",1,"Hombre",19,"Secundaria"
"801",0,"Hombre",47,"Primaria"
"802",0,"Hombre",78,"Primaria"
"803",0,"Mujer",52,"Primaria"
"804",1,"Mujer",44,"Secundaria"
"805",0,"Mujer",76,"Primaria"
"806",0,"Mujer",78,"Sin estudios"
"807",1,"Hombre",41,"Superiores"
"808",0,"Mujer",63,"Primaria"
"809",1,"Mujer",44,"Secundaria"
"810",0,"Mujer",68,"Sin estudios"
"811",0,"Hombre",66,"Primaria"
"812",1,"Hombre",25,"Secundaria"
"813",1,"Mujer",25,"Superiores"
"814",1,"Hombre",46,"Secundaria"
"815",0,"Mujer",67,"Primaria"
"816",0,"Mujer",59,"Primaria"
"817",0,"Hombre",40,"Primaria"
"818",1,"Mujer",25,"F.P."
"819",0,"Hombre",76,"Sin estudios"
"820",1,"Hombre",22,"F.P."
"821",1,"Mujer",53,"Secundaria"
"822",1,"Hombre",31,"Primaria"
"823",0,"Mujer",42,"Primaria"
"824",0,"Hombre",60,"Primaria"
"825",0,"Mujer",32,"Secundaria"
"826",0,"Hombre",25,"F.P."
"827",0,"Hombre",70,"Primaria"
"828",0,"Mujer",80,"Sin estudios"
"829",0,"Hombre",47,"F.P."
"830",1,"Mujer",20,"Secundaria"
"831",1,"Hombre",56,"Superiores"
"832",0,"Hombre",53,"Primaria"
"833",0,"Mujer",73,"Sin estudios"
"834",0,"Mujer",66,"Sin estudios"
"835",1,"Hombre",33,"Primaria"
"836",1,"Mujer",40,"Primaria"
"837",1,"Hombre",65,"F.P."
"838",0,"Mujer",52,"Primaria"
"839",1,"Mujer",26,"F.P."
"840",1,"Mujer",26,"F.P."
"841",0,"Hombre",52,"Sin estudios"
"842",1,"Mujer",24,"F.P."
"843",0,"Hombre",53,"Secundaria"
"844",0,"Hombre",35,"Primaria"
"845",0,"Mujer",69,"Sin estudios"
"846",1,"Mujer",36,"Medios universitarios"
"847",1,"Mujer",25,"F.P."
"848",0,"Mujer",69,"Primaria"
"849",0,"Hombre",36,"Primaria"
"850",1,"Mujer",46,"Medios universitarios"
"851",0,"Mujer",60,"Primaria"
"852",1,"Hombre",48,"Secundaria"
"853",1,"Mujer",35,"Medios universitarios"
"854",1,"Hombre",29,"Superiores"
"855",1,"Hombre",33,"Primaria"
"856",1,"Mujer",42,"Superiores"
"857",0,"Mujer",63,"Sin estudios"
"858",0,"Hombre",59,"Primaria"
"859",1,"Hombre",43,"Primaria"
"860",0,"Mujer",66,"Sin estudios"
"861",0,"Mujer",64,"Secundaria"
"862",1,"Hombre",52,"Secundaria"
"863",1,"Mujer",31,"Superiores"
"864",0,"Hombre",87,"Primaria"
"865",0,"Mujer",95,"Primaria"
"866",1,"Hombre",33,"F.P."
"867",0,"Hombre",44,"Primaria"
"868",1,"Mujer",46,"Primaria"
"869",1,"Mujer",31,"Superiores"
"870",1,"Mujer",63,"Medios universitarios"
"871",1,"Hombre",21,"Medios universitarios"
"872",1,"Mujer",42,"F.P."
"873",0,"Mujer",75,"Secundaria"
"874",0,"Hombre",67,"F.P."
"875",1,"Hombre",22,"Secundaria"
"876",1,"Hombre",37,"Primaria"
"877",0,"Hombre",54,"Primaria"
"878",0,"Hombre",62,"Primaria"
"879",1,"Mujer",28,"F.P."
"880",0,"Mujer",52,"Primaria"
"881",1,"Mujer",41,"F.P."
"882",1,"Mujer",65,"F.P."
"883",1,"Mujer",30,"Medios universitarios"
"884",0,"Hombre",47,"Primaria"
"885",1,"Hombre",20,"F.P."
"886",1,"Mujer",40,"F.P."
"887",0,"Hombre",81,"Primaria"
"888",1,"Hombre",44,"Primaria"
"889",1,"Hombre",33,"F.P."
"890",1,"Mujer",27,"F.P."
"891",1,"Hombre",52,"Superiores"
"892",1,"Mujer",66,"Medios universitarios"
"893",0,"Hombre",74,"Sin estudios"
"894",1,"Mujer",19,"Secundaria"
"895",0,"Mujer",38,"F.P."
"896",1,"Hombre",35,"Superiores"
"897",1,"Hombre",22,"Secundaria"
"898",0,"Mujer",53,"Superiores"
"899",1,"Mujer",32,"Secundaria"
"900",1,"Hombre",58,"Secundaria"
"901",1,"Mujer",23,"Primaria"
"902",1,"Hombre",31,"Superiores"
"903",0,"Mujer",66,"Secundaria"
"904",1,"Hombre",42,"Primaria"
"905",0,"Mujer",57,"Primaria"
"906",1,"Hombre",73,"Superiores"
"907",1,"Hombre",34,"Primaria"
"908",1,"Mujer",31,"Secundaria"
"909",1,"Mujer",36,"Primaria"
"910",1,"Hombre",38,"Medios universitarios"
"911",0,"Mujer",65,"Primaria"
"912",1,"Hombre",27,"Primaria"
"913",0,"Mujer",58,"Primaria"
"914",0,"Mujer",49,"Sin estudios"
"915",0,"Hombre",69,"Primaria"
"916",0,"Hombre",59,"Secundaria"
"917",0,"Mujer",36,"Primaria"
"918",0,"Mujer",72,"Primaria"
"919",1,"Hombre",46,"F.P."
"920",0,"Mujer",18,"Primaria"
"921",0,"Hombre",34,"Primaria"
"922",1,"Mujer",32,"Secundaria"
"923",1,"Hombre",26,"Primaria"
"924",1,"Hombre",56,"Secundaria"
"925",1,"Hombre",31,"F.P."
"926",1,"Mujer",26,"F.P."
"927",0,"Hombre",84,"Primaria"
"928",1,"Mujer",24,"Primaria"
"929",0,"Mujer",50,"Primaria"
"930",1,"Hombre",24,"Primaria"
"931",0,"Hombre",64,"Primaria"
"932",0,"Mujer",60,"Primaria"
"933",1,"Hombre",38,"Secundaria"
"934",1,"Hombre",35,"Primaria"
"935",1,"Mujer",65,"Primaria"
"936",1,"Mujer",26,"Secundaria"
"937",1,"Mujer",42,"Medios universitarios"
"938",0,"Hombre",48,"Primaria"
"939",0,"Hombre",78,"Sin estudios"
"940",1,"Hombre",44,"F.P."
"941",0,"Hombre",34,"Primaria"
"942",0,"Hombre",46,"Secundaria"
"943",1,"Mujer",21,"Primaria"
"944",1,"Hombre",40,"Primaria"
"946",0,"Mujer",64,"Primaria"
"947",0,"Hombre",68,"Sin estudios"
"948",1,"Mujer",48,"F.P."
"949",0,"Mujer",85,"Primaria"
"950",0,"Hombre",55,"Medios universitarios"
"951",1,"Hombre",24,"F.P."
"952",0,"Mujer",80,"Sin estudios"
"953",1,"Hombre",30,"Primaria"
"954",1,"Hombre",45,"Medios universitarios"
"955",0,"Hombre",64,"Primaria"
"956",1,"Mujer",18,"Primaria"
"957",0,"Mujer",35,"Superiores"
"958",1,"Mujer",55,"Secundaria"
"959",1,"Mujer",82,"Medios universitarios"
"960",1,"Mujer",38,"Medios universitarios"
"961",0,"Mujer",87,"Primaria"
"962",1,"Mujer",22,"Medios universitarios"
"963",1,"Hombre",51,"Secundaria"
"964",0,"Hombre",77,"Primaria"
"965",1,"Hombre",62,"Medios universitarios"
"966",1,"Hombre",37,"F.P."
"967",1,"Mujer",29,"Medios universitarios"
"968",0,"Mujer",62,"Primaria"
"969",1,"Mujer",47,"Secundaria"
"970",0,"Mujer",90,"Sin estudios"
"971",1,"Hombre",32,"F.P."
"972",1,"Mujer",30,"Superiores"
"973",0,"Hombre",80,"Primaria"
"974",1,"Hombre",37,"F.P."
"975",1,"Hombre",22,"Secundaria"
"976",0,"Hombre",80,"Primaria"
"977",0,"Hombre",46,"F.P."
"978",0,"Mujer",56,"Secundaria"
"979",0,"Mujer",73,"Primaria"
"980",1,"Mujer",43,"Medios universitarios"
"981",1,"Hombre",34,"F.P."
"982",1,"Mujer",26,"Secundaria"
"983",1,"Mujer",47,"Primaria"
"984",0,"Mujer",49,"Primaria"
"985",1,"Mujer",56,"Medios universitarios"
"986",1,"Mujer",29,"Medios universitarios"
"987",1,"Hombre",18,"Primaria"
"988",1,"Hombre",55,"Secundaria"
"989",1,"Hombre",39,"Secundaria"
"990",1,"Hombre",31,"F.P."
"991",0,"Hombre",50,"Primaria"
"992",1,"Mujer",33,"Primaria"
"993",0,"Hombre",39,"Primaria"
"994",0,"Hombre",77,"Primaria"
"995",0,"Mujer",50,"Primaria"
"996",0,"Mujer",75,"Primaria"
"997",0,"Hombre",30,"Primaria"
"998",0,"Mujer",38,"Primaria"
"999",0,"Mujer",70,"Sin estudios"
"1000",0,"Hombre",31,"Primaria"
"1001",1,"Mujer",47,"F.P."
"1002",0,"Hombre",79,"Primaria"
"1003",0,"Hombre",20,"Primaria"
"1004",1,"Hombre",40,"F.P."
"1005",1,"Mujer",27,"Secundaria"
"1006",0,"Mujer",42,"Primaria"
"1007",0,"Hombre",52,"Primaria"
"1008",0,"Hombre",25,"Primaria"
"1009",0,"Hombre",42,"F.P."
"1010",0,"Mujer",65,"Sin estudios"
"1011",0,"Mujer",56,"Primaria"
"1012",1,"Mujer",22,"Medios universitarios"
"1013",0,"Mujer",34,"Primaria"
"1014",1,"Hombre",21,"Primaria"
"1015",0,"Hombre",57,"Primaria"
"1016",0,"Hombre",70,"Sin estudios"
"1017",1,"Mujer",40,"Primaria"
"1018",1,"Mujer",33,"Medios universitarios"
"1019",1,"Hombre",25,"Primaria"
"1020",0,"Mujer",66,"Sin estudios"
"1021",1,"Hombre",39,"Secundaria"
"1022",0,"Mujer",47,"F.P."
"1023",0,"Mujer",68,"Sin estudios"
"1024",1,"Hombre",30,"Primaria"
"1025",0,"Hombre",65,"Primaria"
"1026",1,"Hombre",36,"F.P."
"1027",0,"Mujer",46,"Primaria"
"1028",1,"Mujer",28,"Primaria"
"1029",0,"Mujer",37,"Primaria"
"1030",0,"Mujer",62,"Primaria"
"1031",1,"Hombre",46,"Primaria"
"1032",0,"Hombre",63,"Primaria"
"1033",1,"Hombre",25,"Medios universitarios"
"1034",0,"Mujer",65,"Primaria"
"1035",0,"Hombre",80,"Primaria"
"1036",1,"Mujer",54,"Primaria"
"1037",0,"Hombre",50,"F.P."
"1038",1,"Mujer",36,"Medios universitarios"
"1039",1,"Hombre",60,"Superiores"
"1040",1,"Mujer",34,"Medios universitarios"
"1041",1,"Mujer",21,"Secundaria"
"1042",0,"Hombre",73,"F.P."
"1043",0,"Mujer",77,"Primaria"
"1044",1,"Mujer",37,"Secundaria"
"1045",1,"Hombre",45,"Primaria"
"1046",1,"Mujer",22,"Primaria"
"1047",1,"Mujer",42,"Primaria"
"1048",0,"Hombre",72,"Sin estudios"
"1049",0,"Hombre",38,"Primaria"
"1050",0,"Hombre",50,"Primaria"
"1051",1,"Hombre",28,"Medios universitarios"
"1052",1,"Mujer",55,"Secundaria"
"1053",0,"Mujer",65,"Primaria"
"1054",1,"Mujer",48,"Primaria"
"1055",1,"Hombre",20,"Primaria"
"1056",0,"Mujer",45,"Primaria"
"1057",1,"Mujer",32,"Secundaria"
"1058",0,"Hombre",76,"Sin estudios"
"1059",1,"Hombre",37,"Primaria"
"1060",0,"Mujer",60,"Primaria"
"1061",0,"Mujer",70,"Sin estudios"
"1062",0,"Hombre",31,"Primaria"
"1063",1,"Mujer",44,"Primaria"
"1064",0,"Mujer",30,"Primaria"
"1065",0,"Hombre",57,"Primaria"
"1066",0,"Mujer",73,"Sin estudios"
"1067",0,"Hombre",88,"Sin estudios"
"1068",1,"Hombre",18,"Primaria"
"1069",0,"Hombre",48,"Primaria"
"1070",1,"Hombre",37,"Medios universitarios"
"1071",0,"Mujer",60,"Primaria"
"1072",1,"Hombre",24,"Medios universitarios"
"1073",1,"Mujer",40,"Secundaria"
"1074",0,"Hombre",35,"Primaria"
"1075",0,"Mujer",73,"Medios universitarios"
"1076",1,"Mujer",33,"Medios universitarios"
"1077",1,"Hombre",25,"Medios universitarios"
"1078",1,"Mujer",45,"F.P."
"1079",1,"Hombre",53,"Superiores"
"1080",1,"Hombre",68,"Medios universitarios"
"1081",1,"Hombre",35,"Secundaria"
"1082",0,"Mujer",24,"Primaria"
"1083",1,"Mujer",30,"F.P."
"1084",0,"Mujer",80,"Primaria"
"1085",0,"Mujer",41,"Primaria"
"1086",0,"Hombre",52,"Primaria"
"1087",0,"Hombre",23,"Primaria"
"1088",1,"Hombre",70,"Primaria"
"1089",0,"Hombre",80,"Sin estudios"
"1090",0,"Hombre",60,"Primaria"
"1091",0,"Hombre",46,"Secundaria"
"1092",0,"Mujer",87,"Sin estudios"
"1093",1,"Hombre",41,"Primaria"
"1094",0,"Mujer",45,"Primaria"
"1095",0,"Mujer",54,"Medios universitarios"
"1096",1,"Hombre",25,"Primaria"
"1097",0,"Mujer",79,"Primaria"
"1098",1,"Hombre",40,"F.P."
"1099",1,"Mujer",28,"F.P."
"1100",0,"Hombre",82,"Primaria"
"1101",0,"Mujer",63,"Primaria"
"1102",1,"Hombre",59,"Primaria"
"1103",0,"Mujer",30,"Primaria"
"1104",1,"Mujer",35,"F.P."
"1105",1,"Mujer",24,"F.P."
"1106",1,"Hombre",45,"Medios universitarios"
"1107",0,"Hombre",79,"Primaria"
"1108",0,"Hombre",62,"Primaria"
"1109",0,"Mujer",62,"Primaria"
"1110",1,"Hombre",39,"Superiores"
"1111",1,"Hombre",30,"Medios universitarios"
"1112",1,"Mujer",65,"F.P."
"1113",0,"Mujer",72,"Primaria"
"1114",1,"Hombre",22,"F.P."
"1115",0,"Mujer",47,"Secundaria"
"1116",1,"Hombre",38,"Superiores"
"1117",1,"Hombre",34,"Medios universitarios"
"1118",0,"Mujer",52,"Primaria"
"1119",1,"Mujer",38,"Superiores"
"1120",1,"Mujer",25,"Medios universitarios"
"1121",1,"Hombre",50,"F.P."
"1122",0,"Mujer",76,"Primaria"
"1123",1,"Hombre",23,"F.P."
"1124",0,"Mujer",45,"F.P."
"1125",0,"Mujer",24,"Primaria"
"1126",0,"Hombre",56,"Primaria"
"1127",1,"Mujer",35,"Superiores"
"1128",0,"Hombre",68,"Primaria"
"1129",1,"Hombre",34,"Primaria"
"1130",0,"Mujer",79,"Primaria"
"1131",1,"Mujer",31,"Medios universitarios"
"1132",0,"Mujer",59,"Primaria"
"1133",1,"Hombre",47,"Primaria"
"1134",1,"Hombre",35,"F.P."
"1135",0,"Mujer",77,"Primaria"
"1136",1,"Hombre",44,"Primaria"
"1137",1,"Hombre",42,"Primaria"
"1138",0,"Hombre",66,"Primaria"
"1139",0,"Mujer",58,"Primaria"
"1140",0,"Mujer",44,"Primaria"
"1141",0,"Mujer",54,"Primaria"
"1142",0,"Hombre",71,"Primaria"
"1143",1,"Mujer",25,"Medios universitarios"
"1144",0,"Hombre",55,"Primaria"
"1145",0,"Hombre",39,"Primaria"
"1146",0,"Mujer",67,"Sin estudios"
"1147",0,"Mujer",58,"Primaria"
"1148",1,"Hombre",19,"Primaria"
"1149",1,"Hombre",49,"F.P."
"1150",1,"Mujer",33,"Secundaria"
"1151",0,"Hombre",74,"Sin estudios"
"1152",0,"Mujer",58,"F.P."
"1153",0,"Mujer",65,"Primaria"
"1154",0,"Hombre",35,"Secundaria"
"1155",1,"Mujer",35,"F.P."
"1156",1,"Hombre",30,"Secundaria"
"1157",0,"Mujer",68,"Sin estudios"
"1158",0,"Mujer",45,"Secundaria"
"1159",0,"Hombre",64,"Primaria"
"1160",0,"Hombre",74,"F.P."
"1161",0,"Mujer",75,"Sin estudios"
"1162",0,"Hombre",45,"Secundaria"
"1163",1,"Hombre",30,"Secundaria"
"1164",1,"Mujer",22,"F.P."
"1165",0,"Hombre",63,"Primaria"
"1166",1,"Hombre",45,"Primaria"
"1167",0,"Mujer",54,"Primaria"
"1168",0,"Mujer",31,"Primaria"
"1169",1,"Mujer",34,"Medios universitarios"
"1170",1,"Mujer",39,"Medios universitarios"
"1171",1,"Hombre",70,"Superiores"
"1172",1,"Hombre",34,"Secundaria"
"1173",1,"Hombre",51,"Superiores"
"1174",1,"Mujer",23,"Medios universitarios"
"1175",0,"Mujer",83,"Primaria"
"1176",1,"Hombre",44,"Secundaria"
"1177",1,"Mujer",40,"Secundaria"
"1178",1,"Hombre",35,"Superiores"
"1179",0,"Mujer",63,"Primaria"
"1180",0,"Hombre",71,"Primaria"
"1181",0,"Mujer",63,"Primaria"
"1182",1,"Mujer",43,"Medios universitarios"
"1183",1,"Mujer",51,"Primaria"
"1184",1,"Hombre",30,"Medios universitarios"
"1185",0,"Mujer",32,"Primaria"
"1186",1,"Hombre",18,"Primaria"
"1187",0,"Mujer",68,"Primaria"
"1188",1,"Hombre",26,"Medios universitarios"
"1189",0,"Mujer",82,"Secundaria"
"1190",1,"Hombre",73,"Superiores"
"1191",1,"Hombre",54,"Superiores"
"1192",1,"Mujer",22,"Medios universitarios"
"1193",1,"Hombre",21,"Primaria"
"1194",0,"Mujer",76,"Medios universitarios"
"1195",0,"Hombre",80,"Primaria"
"1196",1,"Hombre",42,"Primaria"
"1197",0,"Hombre",52,"Primaria"
"1198",0,"Mujer",60,"Secundaria"
"1199",1,"Mujer",28,"Primaria"
"1200",1,"Mujer",43,"Superiores"
"1201",1,"Hombre",45,"Secundaria"
"1202",1,"Hombre",36,"Superiores"
"1203",1,"Mujer",18,"Secundaria"
"1204",1,"Mujer",34,"Superiores"
"1205",1,"Hombre",53,"F.P."
"1206",1,"Mujer",48,"Primaria"
"1207",1,"Hombre",33,"Superiores"
"1208",1,"Hombre",47,"Superiores"
"1209",1,"Mujer",36,"Medios universitarios"
"1210",0,"Mujer",75,"Superiores"
"1211",1,"Mujer",49,"F.P."
"1212",1,"Hombre",61,"Secundaria"
"1213",1,"Hombre",33,"Medios universitarios"
"1214",1,"Hombre",49,"Primaria"
"1215",1,"Hombre",18,"Secundaria"
"1217",0,"Hombre",25,"Primaria"
"1218",1,"Mujer",68,"Primaria"
"1219",0,"Mujer",75,"Primaria"
"1220",1,"Mujer",50,"Secundaria"
"1221",0,"Hombre",69,"Sin estudios"
"1222",1,"Mujer",43,"Secundaria"
"1223",0,"Mujer",75,"Sin estudios"
"1224",1,"Mujer",25,"Superiores"
"1225",1,"Mujer",48,"Secundaria"
"1226",1,"Hombre",27,"Primaria"
"1227",1,"Mujer",46,"Primaria"
"1228",1,"Hombre",42,"Primaria"
"1229",0,"Mujer",72,"Sin estudios"
"1230",1,"Mujer",36,"Secundaria"
"1231",0,"Hombre",66,"Primaria"
"1232",1,"Hombre",31,"F.P."
"1233",1,"Hombre",31,"F.P."
"1234",1,"Mujer",42,"F.P."
"1235",0,"Mujer",68,"Medios universitarios"
"1236",1,"Mujer",18,"F.P."
"1237",1,"Hombre",26,"Superiores"
"1238",0,"Mujer",49,"Primaria"
"1239",1,"Mujer",44,"Superiores"
"1240",1,"Hombre",31,"Secundaria"
"1241",0,"Hombre",58,"Primaria"
"1242",0,"Mujer",57,"Primaria"
"1243",1,"Hombre",61,"Secundaria"
"1244",1,"Mujer",42,"Secundaria"
"1245",1,"Hombre",31,"F.P."
"1246",1,"Mujer",31,"Secundaria"
"1247",0,"Hombre",54,"Primaria"
"1248",1,"Mujer",43,"Superiores"
"1249",0,"Hombre",70,"Primaria"
"1250",1,"Hombre",38,"Superiores"
"1251",1,"Mujer",27,"Superiores"
"1253",0,"Mujer",34,"F.P."
"1254",0,"Mujer",66,"Primaria"
"1255",1,"Hombre",52,"F.P."
"1256",1,"Hombre",36,"Superiores"
"1258",0,"Hombre",70,"Superiores"
"1259",0,"Mujer",66,"Medios universitarios"
"1260",1,"Hombre",32,"Medios universitarios"
"1261",0,"Mujer",73,"Primaria"
"1262",1,"Mujer",24,"Medios universitarios"
"1263",0,"Mujer",64,"Primaria"
"1264",0,"Mujer",77,"Primaria"
"1265",0,"Mujer",49,"Primaria"
"1266",1,"Hombre",62,"Superiores"
"1267",0,"Mujer",59,"Primaria"
"1268",1,"Hombre",57,"Primaria"
"1269",1,"Hombre",27,"Secundaria"
"1270",1,"Mujer",19,"Secundaria"
"1271",1,"Hombre",26,"F.P."
"1272",0,"Hombre",60,"Secundaria"
"1273",1,"Mujer",23,"Superiores"
"1274",1,"Hombre",54,"Secundaria"
"1275",0,"Mujer",72,"Primaria"
"1276",0,"Mujer",50,"Primaria"
"1277",0,"Mujer",33,"Primaria"
"1278",1,"Mujer",53,"Superiores"
"1279",0,"Mujer",56,"Secundaria"
"1280",1,"Hombre",25,"Medios universitarios"
"1281",1,"Hombre",58,"Primaria"
"1283",0,"Mujer",86,"Secundaria"
"1284",1,"Hombre",37,"Superiores"
"1285",1,"Hombre",33,"Medios universitarios"
"1286",1,"Mujer",37,"Superiores"
"1287",0,"Mujer",75,"Sin estudios"
"1288",1,"Mujer",55,"Secundaria"
"1289",1,"Mujer",50,"Superiores"
"1290",1,"Hombre",42,"Superiores"
"1291",0,"Mujer",25,"Primaria"
"1292",1,"Hombre",31,"Superiores"
"1293",0,"Mujer",64,"Sin estudios"
"1294",1,"Mujer",39,"F.P."
"1295",1,"Hombre",36,"Secundaria"
"1296",0,"Mujer",67,"Sin estudios"
"1297",1,"Mujer",32,"F.P."
"1298",1,"Hombre",41,"Primaria"
"1299",1,"Hombre",18,"F.P."
"1300",0,"Mujer",36,"Primaria"
"1301",1,"Mujer",50,"Secundaria"
"1302",1,"Mujer",33,"Superiores"
"1303",1,"Hombre",39,"Secundaria"
"1304",1,"Hombre",34,"Superiores"
"1305",1,"Hombre",31,"Superiores"
"1306",1,"Mujer",33,"F.P."
"1307",0,"Mujer",52,"Primaria"
"1309",0,"Hombre",80,"Sin estudios"
"1310",1,"Hombre",35,"Secundaria"
"1311",0,"Mujer",63,"Sin estudios"
"1312",0,"Hombre",31,"Primaria"
"1313",0,"Hombre",60,"Primaria"
"1314",1,"Mujer",44,"Medios universitarios"
"1315",1,"Hombre",37,"Secundaria"
"1316",0,"Hombre",71,"Primaria"
"1317",1,"Mujer",31,"F.P."
"1318",0,"Mujer",76,"Sin estudios"
"1319",0,"Mujer",73,"Primaria"
"1320",1,"Hombre",28,"Primaria"
"1321",1,"Mujer",43,"F.P."
"1322",1,"Hombre",21,"Primaria"
"1323",0,"Hombre",79,"Primaria"
"1324",1,"Hombre",41,"Primaria"
"1325",1,"Hombre",44,"Secundaria"
"1326",1,"Hombre",23,"Medios universitarios"
"1327",1,"Mujer",18,"Primaria"
"1328",0,"Mujer",53,"Primaria"
"1329",0,"Mujer",44,"Primaria"
"1330",0,"Mujer",55,"Primaria"
"1331",0,"Hombre",61,"Primaria"
"1332",1,"Hombre",33,"Primaria"
"1333",1,"Mujer",35,"Medios universitarios"
"1334",1,"Mujer",20,"Secundaria"
"1335",1,"Hombre",62,"Medios universitarios"
"1336",1,"Mujer",25,"Superiores"
"1337",1,"Hombre",50,"Superiores"
"1338",1,"Mujer",37,"Medios universitarios"
"1339",0,"Mujer",34,"Primaria"
"1340",0,"Mujer",63,"Primaria"
"1341",1,"Hombre",19,"Primaria"
"1342",0,"Hombre",49,"Primaria"
"1343",1,"Hombre",30,"Secundaria"
"1344",0,"Hombre",37,"Primaria"
"1345",1,"Mujer",42,"Superiores"
"1346",1,"Mujer",27,"Superiores"
"1347",0,"Mujer",76,"Primaria"
"1348",0,"Mujer",75,"Primaria"
"1349",0,"Hombre",73,"Secundaria"
"1350",1,"Mujer",39,"Superiores"
"1351",0,"Hombre",27,"F.P."
"1352",0,"Hombre",60,"Primaria"
"1353",1,"Mujer",24,"Superiores"
"1354",1,"Hombre",42,"Superiores"
"1355",1,"Hombre",57,"Superiores"
"1356",1,"Hombre",31,"Superiores"
"1357",0,"Hombre",80,"Primaria"
"1358",0,"Hombre",25,"Primaria"
"1359",0,"Mujer",78,"Primaria"
"1360",1,"Hombre",49,"F.P."
"1361",1,"Mujer",50,"Superiores"
"1362",1,"Hombre",38,"Medios universitarios"
"1363",1,"Mujer",36,"Superiores"
"1364",1,"Mujer",24,"Medios universitarios"
"1365",1,"Hombre",32,"Superiores"
"1366",1,"Hombre",25,"Superiores"
"1367",1,"Mujer",26,"Superiores"
"1368",0,"Mujer",68,"Secundaria"
"1369",0,"Hombre",65,"Medios universitarios"
"1370",0,"Hombre",65,"Primaria"
"1371",0,"Mujer",78,"Sin estudios"
"1372",1,"Mujer",19,"Secundaria"
"1373",1,"Hombre",52,"F.P."
"1374",0,"Mujer",57,"Primaria"
"1375",1,"Hombre",55,"Secundaria"
"1376",1,"Mujer",28,"F.P."
"1377",1,"Hombre",30,"F.P."
"1378",1,"Mujer",40,"Medios universitarios"
"1379",1,"Hombre",24,"Primaria"
"1380",0,"Mujer",80,"Sin estudios"
"1381",1,"Mujer",27,"F.P."
"1382",1,"Hombre",22,"F.P."
"1383",1,"Mujer",48,"Primaria"
"1384",1,"Mujer",20,"Primaria"
"1385",1,"Mujer",48,"Secundaria"
"1386",1,"Mujer",39,"F.P."
"1387",1,"Hombre",35,"Secundaria"
"1388",1,"Hombre",51,"Primaria"
"1389",1,"Hombre",33,"Primaria"
"1390",0,"Mujer",70,"Primaria"
"1391",1,"Hombre",35,"Secundaria"
"1392",1,"Mujer",29,"Superiores"
"1393",1,"Mujer",37,"Superiores"
"1394",1,"Hombre",52,"Primaria"
"1395",0,"Hombre",55,"Secundaria"
"1396",1,"Mujer",24,"Secundaria"
"1397",1,"Hombre",18,"Secundaria"
"1398",0,"Mujer",60,"Secundaria"
"1399",1,"Hombre",34,"F.P."
"1400",1,"Hombre",44,"Superiores"
"1401",1,"Mujer",69,"Superiores"
"1402",1,"Hombre",32,"Secundaria"
"1403",1,"Mujer",34,"Superiores"
"1404",1,"Hombre",49,"Medios universitarios"
"1405",1,"Mujer",40,"Superiores"
"1406",1,"Mujer",42,"Superiores"
"1407",1,"Mujer",34,"F.P."
"1408",1,"Hombre",53,"Secundaria"
"1409",1,"Hombre",22,"F.P."
"1410",1,"Hombre",34,"Secundaria"
"1411",0,"Mujer",70,"Primaria"
"1412",0,"Mujer",45,"Primaria"
"1413",1,"Hombre",40,"Medios universitarios"
"1414",0,"Mujer",45,"Primaria"
"1415",1,"Hombre",18,"Primaria"
"1416",1,"Mujer",34,"Secundaria"
"1417",0,"Hombre",64,"Primaria"
"1418",0,"Hombre",74,"Primaria"
"1419",1,"Hombre",34,"Primaria"
"1420",0,"Hombre",47,"Primaria"
"1421",1,"Hombre",28,"F.P."
"1422",1,"Mujer",55,"Primaria"
"1423",1,"Mujer",32,"Secundaria"
"1424",1,"Mujer",35,"F.P."
"1425",0,"Mujer",74,"Sin estudios"
"1426",0,"Hombre",76,"Primaria"
"1427",0,"Mujer",40,"Sin estudios"
"1428",1,"Hombre",52,"Secundaria"
"1429",0,"Mujer",57,"Primaria"
"1430",1,"Hombre",29,"F.P."
"1431",1,"Hombre",40,"Primaria"
"1432",1,"Mujer",38,"Medios universitarios"
"1433",1,"Mujer",42,"Superiores"
"1434",1,"Mujer",22,"Medios universitarios"
"1435",1,"Mujer",47,"Primaria"
"1436",1,"Hombre",28,"Primaria"
"1437",1,"Hombre",21,"Medios universitarios"
"1438",1,"Mujer",30,"F.P."
"1439",1,"Hombre",40,"Primaria"
"1440",1,"Mujer",36,"Secundaria"
"1441",0,"Hombre",58,"Primaria"
"1442",1,"Hombre",36,"Superiores"
"1443",1,"Mujer",18,"Primaria"
"1444",0,"Mujer",48,"Primaria"
"1445",1,"Mujer",34,"Secundaria"
"1446",1,"Mujer",32,"Superiores"
"1447",1,"Hombre",27,"Secundaria"
"1448",0,"Hombre",83,"Primaria"
"1449",0,"Mujer",35,"Primaria"
"1450",0,"Hombre",52,"Primaria"
"1451",1,"Mujer",54,"Primaria"
"1452",0,"Mujer",25,"Secundaria"
"1453",0,"Mujer",66,"Primaria"
"1454",1,"Hombre",22,"F.P."
"1455",1,"Mujer",47,"Secundaria"
"1456",0,"Mujer",50,"Primaria"
"1457",1,"Mujer",25,"Primaria"
"1458",0,"Mujer",40,"Primaria"
"1459",0,"Mujer",59,"Secundaria"
"1460",1,"Hombre",26,"Superiores"
"1461",0,"Hombre",95,"Primaria"
"1462",1,"Mujer",63,"Secundaria"
"1463",0,"Mujer",65,"Primaria"
"1464",1,"Mujer",33,"Superiores"
"1465",0,"Mujer",48,"Primaria"
"1466",0,"Hombre",63,"Primaria"
"1468",1,"Mujer",36,"Medios universitarios"
"1469",1,"Hombre",56,"F.P."
"1470",0,"Hombre",48,"Primaria"
"1471",0,"Mujer",37,"Primaria"
"1472",1,"Mujer",45,"F.P."
"1473",0,"Hombre",59,"Primaria"
"1474",0,"Hombre",73,"Sin estudios"
"1475",0,"Hombre",71,"Primaria"
"1476",0,"Mujer",66,"Primaria"
"1477",0,"Hombre",60,"Primaria"
"1478",0,"Mujer",60,"Primaria"
"1479",1,"Mujer",38,"F.P."
"1480",1,"Hombre",27,"Primaria"
"1481",1,"Mujer",33,"Secundaria"
"1482",1,"Hombre",22,"Medios universitarios"
"1483",0,"Mujer",70,"Primaria"
"1484",1,"Hombre",21,"Medios universitarios"
"1485",1,"Hombre",63,"Primaria"
"1486",1,"Hombre",41,"Superiores"
"1487",1,"Hombre",27,"F.P."
"1488",1,"Mujer",87,"Secundaria"
"1489",0,"Hombre",75,"Primaria"
"1490",1,"Mujer",57,"Superiores"
"1491",1,"Mujer",39,"F.P."
"1492",1,"Hombre",53,"Superiores"
"1493",1,"Mujer",52,"Superiores"
"1494",1,"Hombre",26,"Superiores"
"1495",1,"Mujer",38,"F.P."
"1496",0,"Mujer",65,"Primaria"
"1497",1,"Hombre",41,"Superiores"
"1498",1,"Hombre",64,"Primaria"
"1499",1,"Mujer",33,"Primaria"
"1500",1,"Mujer",24,"F.P."
"1501",1,"Hombre",34,"Primaria"
"1502",1,"Mujer",38,"Secundaria"
"1503",1,"Hombre",57,"Superiores"
"1504",0,"Hombre",80,"Sin estudios"
"1505",0,"Mujer",59,"Sin estudios"
"1506",1,"Hombre",27,"Primaria"
"1507",1,"Hombre",39,"F.P."
"1508",1,"Mujer",32,"Medios universitarios"
"1509",1,"Mujer",24,"F.P."
"1510",0,"Mujer",55,"Primaria"
"1511",1,"Hombre",20,"Medios universitarios"
"1512",1,"Hombre",50,"Superiores"
"1513",1,"Mujer",36,"Superiores"
"1514",1,"Hombre",30,"F.P."
"1515",0,"Mujer",72,"Sin estudios"
"1516",1,"Mujer",31,"Medios universitarios"
"1517",0,"Mujer",80,"Sin estudios"
"1518",1,"Hombre",27,"Primaria"
"1519",0,"Hombre",81,"Primaria"
"1520",0,"Mujer",53,"Primaria"
"1521",1,"Hombre",45,"Superiores"
"1522",0,"Mujer",44,"Primaria"
"1523",1,"Mujer",54,"F.P."
"1524",1,"Hombre",30,"Secundaria"
"1525",0,"Mujer",66,"Sin estudios"
"1526",0,"Mujer",64,"Superiores"
"1527",0,"Hombre",53,"Primaria"
"1528",0,"Hombre",61,"Primaria"
"1529",1,"Mujer",23,"Primaria"
"1530",1,"Mujer",31,"Medios universitarios"
"1531",1,"Hombre",22,"F.P."
"1532",1,"Hombre",28,"Superiores"
"1533",1,"Mujer",25,"Medios universitarios"
"1534",0,"Mujer",55,"Primaria"
"1535",0,"Hombre",42,"Primaria"
"1536",0,"Mujer",65,"Primaria"
"1537",1,"Hombre",35,"Primaria"
"1538",1,"Hombre",29,"Primaria"
"1539",1,"Mujer",35,"Primaria"
"1540",0,"Mujer",53,"Primaria"
"1541",0,"Hombre",72,"Sin estudios"
"1542",0,"Hombre",45,"F.P."
"1543",1,"Hombre",25,"F.P."
"1544",1,"Mujer",33,"Secundaria"
"1545",0,"Hombre",50,"Primaria"
"1546",0,"Hombre",62,"Primaria"
"1547",1,"Mujer",40,"Medios universitarios"
"1548",0,"Mujer",71,"Primaria"
"1549",1,"Mujer",38,"Primaria"
"1550",1,"Hombre",23,"Secundaria"
"1551",1,"Mujer",18,"Primaria"
"1552",1,"Hombre",39,"Primaria"
"1553",1,"Mujer",52,"Primaria"
"1554",0,"Mujer",64,"Sin estudios"
"1555",0,"Hombre",75,"Sin estudios"
"1556",1,"Hombre",24,"F.P."
"1557",1,"Mujer",43,"Primaria"
"1558",0,"Hombre",66,"Sin estudios"
"1559",1,"Mujer",33,"Primaria"
"1560",1,"Hombre",27,"Superiores"
"1561",1,"Hombre",37,"Primaria"
"1562",1,"Mujer",44,"Primaria"
"1563",0,"Mujer",63,"Primaria"
"1564",0,"Hombre",70,"Primaria"
"1565",0,"Hombre",36,"Primaria"
"1566",1,"Mujer",19,"Primaria"
"1567",1,"Hombre",51,"Primaria"
"1568",1,"Mujer",28,"Superiores"
"1569",1,"Hombre",31,"Primaria"
"1570",1,"Mujer",27,"F.P."
"1571",0,"Hombre",32,"Primaria"
"1572",0,"Hombre",47,"Primaria"
"1573",0,"Mujer",23,"F.P."
"1574",0,"Hombre",62,"Sin estudios"
"1575",0,"Mujer",73,"Sin estudios"
"1576",0,"Mujer",68,"Sin estudios"
"1577",0,"Mujer",50,"Primaria"
"1578",0,"Hombre",41,"Primaria"
"1579",0,"Hombre",53,"Primaria"
"1580",0,"Mujer",76,"Sin estudios"
"1581",1,"Hombre",18,"Primaria"
"1582",1,"Hombre",32,"Secundaria"
"1583",0,"Mujer",25,"Primaria"
"1584",1,"Mujer",24,"F.P."
"1585",0,"Hombre",43,"Primaria"
"1586",0,"Mujer",40,"Primaria"
"1587",1,"Mujer",28,"F.P."
"1588",0,"Hombre",64,"Sin estudios"
"1589",0,"Mujer",79,"Sin estudios"
"1590",0,"Hombre",31,"Primaria"
"1591",0,"Hombre",46,"Primaria"
"1592",1,"Mujer",35,"F.P."
"1593",0,"Mujer",26,"Primaria"
"1594",1,"Hombre",36,"Primaria"
"1595",0,"Hombre",74,"Sin estudios"
"1596",1,"Hombre",63,"Medios universitarios"
"1597",1,"Mujer",20,"Secundaria"
"1598",1,"Hombre",26,"Secundaria"
"1599",1,"Mujer",45,"Medios universitarios"
"1600",1,"Mujer",28,"Superiores"
"1601",0,"Hombre",41,"Primaria"
"1602",0,"Mujer",74,"Sin estudios"
"1603",0,"Mujer",64,"Primaria"
"1604",1,"Hombre",40,"Superiores"
"1605",0,"Mujer",50,"F.P."
"1606",0,"Hombre",71,"Primaria"
"1607",1,"Hombre",34,"F.P."
"1608",1,"Mujer",40,"F.P."
"1609",0,"Mujer",62,"Primaria"
"1610",1,"Hombre",51,"Primaria"
"1611",1,"Mujer",38,"Secundaria"
"1612",0,"Mujer",78,"Sin estudios"
"1613",0,"Mujer",52,"Primaria"
"1614",1,"Mujer",25,"Primaria"
"1615",1,"Hombre",24,"Primaria"
"1616",1,"Hombre",36,"F.P."
"1617",1,"Hombre",33,"Superiores"
"1618",0,"Mujer",67,"Sin estudios"
"1619",0,"Hombre",77,"Sin estudios"
"1621",0,"Mujer",26,"F.P."
"1622",0,"Mujer",55,"Primaria"
"1623",0,"Hombre",57,"Primaria"
"1624",1,"Hombre",39,"Secundaria"
"1625",1,"Mujer",25,"Medios universitarios"
"1626",1,"Mujer",36,"Secundaria"
"1627",0,"Mujer",75,"F.P."
"1628",1,"Mujer",45,"Medios universitarios"
"1629",1,"Hombre",20,"F.P."
"1630",1,"Hombre",34,"Secundaria"
"1631",0,"Hombre",69,"Primaria"
"1632",1,"Hombre",52,"Superiores"
"1633",0,"Mujer",28,"Primaria"
"1634",0,"Hombre",43,"F.P."
"1635",1,"Hombre",18,"Secundaria"
"1636",0,"Mujer",62,"Primaria"
"1637",0,"Mujer",48,"F.P."
"1638",1,"Hombre",39,"Primaria"
"1639",0,"Mujer",71,"Primaria"
"1640",0,"Hombre",28,"Primaria"
"1641",1,"Hombre",60,"Secundaria"
"1642",0,"Mujer",23,"Primaria"
"1643",0,"Hombre",72,"Primaria"
"1644",1,"Mujer",40,"Primaria"
"1645",0,"Mujer",79,"Sin estudios"
"1646",0,"Mujer",51,"Sin estudios"
"1647",1,"Hombre",26,"Primaria"
"1648",1,"Hombre",37,"Secundaria"
"1649",1,"Mujer",29,"Primaria"
"1650",0,"Hombre",39,"Secundaria"
"1651",0,"Hombre",61,"Primaria"
"1652",0,"Mujer",53,"Primaria"
"1653",1,"Mujer",33,"F.P."
"1654",1,"Mujer",37,"Secundaria"
"1655",1,"Hombre",58,"Medios universitarios"
"1656",1,"Hombre",48,"Primaria"
"1657",1,"Hombre",28,"Medios universitarios"
"1658",0,"Mujer",80,"Sin estudios"
"1659",0,"Hombre",77,"Sin estudios"
"1660",1,"Mujer",53,"Medios universitarios"
"1661",0,"Hombre",78,"Superiores"
"1662",1,"Hombre",37,"Primaria"
"1663",0,"Hombre",46,"Primaria"
"1664",1,"Mujer",20,"Secundaria"
"1665",1,"Mujer",62,"Superiores"
"1666",1,"Hombre",29,"F.P."
"1667",1,"Mujer",69,"Secundaria"
"1668",1,"Mujer",33,"Medios universitarios"
"1669",1,"Hombre",34,"Secundaria"
"1670",1,"Hombre",38,"F.P."
"1671",1,"Hombre",45,"Primaria"
"1672",1,"Mujer",36,"F.P."
"1673",1,"Hombre",23,"F.P."
"1674",0,"Mujer",78,"Primaria"
"1675",0,"Hombre",73,"Primaria"
"1676",0,"Mujer",59,"Primaria"
"1677",1,"Mujer",19,"Secundaria"
"1678",1,"Hombre",39,"F.P."
"1679",1,"Mujer",51,"F.P."
"1680",1,"Mujer",37,"Medios universitarios"
"1681",0,"Mujer",79,"Primaria"
"1682",1,"Hombre",18,"Primaria"
"1683",0,"Hombre",64,"Primaria"
"1684",1,"Mujer",25,"Medios universitarios"
"1685",1,"Hombre",32,"Primaria"
"1686",1,"Hombre",48,"Secundaria"
"1687",1,"Hombre",57,"Primaria"
"1688",1,"Mujer",25,"F.P."
"1689",0,"Mujer",68,"Primaria"
"1690",0,"Hombre",73,"Primaria"
"1691",1,"Hombre",18,"Primaria"
"1692",1,"Mujer",45,"F.P."
"1693",0,"Mujer",40,"Primaria"
"1694",0,"Mujer",65,"Primaria"
"1695",1,"Mujer",44,"F.P."
"1696",1,"Mujer",68,"Primaria"
"1697",0,"Mujer",72,"Primaria"
"1698",1,"Hombre",47,"F.P."
"1699",0,"Hombre",69,"Primaria"
"1700",0,"Hombre",28,"Primaria"
"1701",1,"Mujer",23,"Medios universitarios"
"1702",1,"Hombre",64,"Primaria"
"1703",0,"Mujer",31,"Primaria"
"1704",1,"Hombre",51,"Primaria"
"1705",0,"Mujer",41,"Primaria"
"1706",0,"Mujer",80,"Primaria"
"1707",1,"Hombre",54,"Secundaria"
"1708",0,"Mujer",47,"Primaria"
"1709",0,"Hombre",63,"Primaria"
"1710",1,"Hombre",23,"F.P."
"1711",0,"Hombre",60,"Medios universitarios"
"1712",1,"Hombre",25,"F.P."
"1713",1,"Mujer",39,"Primaria"
"1714",0,"Hombre",44,"Primaria"
"1715",0,"Hombre",45,"Primaria"
"1716",0,"Mujer",87,"Primaria"
"1717",0,"Mujer",51,"Primaria"
"1718",0,"Mujer",73,"Primaria"
"1719",1,"Mujer",21,"Primaria"
"1720",0,"Mujer",51,"Primaria"
"1721",0,"Mujer",41,"Primaria"
"1722",0,"Mujer",68,"Primaria"
"1723",0,"Hombre",74,"Primaria"
"1724",0,"Hombre",35,"F.P."
"1725",1,"Mujer",31,"Superiores"
"1726",0,"Hombre",81,"Sin estudios"
"1727",0,"Mujer",62,"Primaria"
"1728",1,"Hombre",30,"F.P."
"1729",1,"Mujer",42,"Superiores"
"1730",1,"Hombre",32,"F.P."
"1731",1,"Mujer",59,"Primaria"
"1732",0,"Mujer",54,"Primaria"
"1733",1,"Hombre",25,"F.P."
"1734",0,"Mujer",72,"Primaria"
"1735",1,"Mujer",25,"F.P."
"1736",1,"Hombre",39,"Primaria"
"1737",0,"Hombre",76,"Primaria"
"1739",0,"Hombre",56,"F.P."
"1740",0,"Mujer",49,"Primaria"
"1741",0,"Mujer",81,"F.P."
"1742",0,"Mujer",65,"Secundaria"
"1743",0,"Hombre",53,"Primaria"
"1744",0,"Mujer",58,"Primaria"
"1745",0,"Hombre",52,"Primaria"
"1746",0,"Mujer",46,"Primaria"
"1747",1,"Hombre",23,"Secundaria"
"1748",0,"Hombre",62,"Primaria"
"1749",0,"Hombre",48,"Primaria"
"1750",0,"Mujer",75,"Medios universitarios"
"1751",0,"Hombre",69,"Primaria"
"1752",1,"Mujer",28,"Secundaria"
"1753",1,"Hombre",25,"Primaria"
"1754",1,"Hombre",42,"Primaria"
"1755",1,"Mujer",19,"Secundaria"
"1756",1,"Hombre",58,"Secundaria"
"1757",0,"Mujer",59,"Primaria"
"1758",0,"Mujer",54,"Primaria"
"1759",0,"Hombre",21,"Primaria"
"1760",0,"Hombre",34,"F.P."
"1761",1,"Mujer",52,"Primaria"
"1762",0,"Mujer",82,"Primaria"
"1763",0,"Mujer",29,"F.P."
"1764",0,"Mujer",62,"Primaria"
"1765",0,"Mujer",37,"Primaria"
"1766",0,"Hombre",48,"Primaria"
"1767",1,"Hombre",45,"Superiores"
"1768",0,"Hombre",79,"Primaria"
"1769",0,"Mujer",70,"Primaria"
"1770",0,"Mujer",84,"Primaria"
"1771",0,"Mujer",54,"Primaria"
"1772",0,"Hombre",37,"Primaria"
"1773",0,"Hombre",55,"Primaria"
"1774",1,"Mujer",31,"Medios universitarios"
"1775",0,"Hombre",72,"Primaria"
"1776",0,"Hombre",68,"F.P."
"1777",1,"Hombre",46,"F.P."
"1778",1,"Hombre",29,"Secundaria"
"1779",1,"Hombre",45,"Superiores"
"1780",0,"Mujer",77,"Primaria"
"1781",1,"Mujer",43,"Secundaria"
"1782",1,"Hombre",22,"Secundaria"
"1783",1,"Hombre",42,"Medios universitarios"
"1784",1,"Mujer",56,"Secundaria"
"1785",1,"Mujer",34,"Superiores"
"1786",0,"Mujer",73,"Sin estudios"
"1787",1,"Hombre",43,"Primaria"
"1788",1,"Mujer",25,"Primaria"
"1789",1,"Hombre",25,"Superiores"
"1790",1,"Mujer",39,"F.P."
"1791",0,"Hombre",49,"Primaria"
"1792",0,"Mujer",23,"Primaria"
"1793",0,"Mujer",57,"F.P."
"1794",1,"Hombre",56,"Primaria"
"1795",1,"Hombre",19,"Primaria"
"1796",0,"Hombre",43,"Primaria"
"1797",0,"Mujer",44,"Primaria"
"1798",0,"Hombre",59,"Sin estudios"
"1799",0,"Mujer",51,"Sin estudios"
"1800",0,"Hombre",67,"Sin estudios"
"1801",1,"Mujer",30,"Primaria"
"1802",0,"Hombre",26,"Primaria"
"1803",0,"Mujer",69,"Sin estudios"
"1804",1,"Hombre",22,"Primaria"
"1805",1,"Hombre",53,"F.P."
"1806",0,"Mujer",72,"Sin estudios"
"1807",0,"Hombre",31,"Primaria"
"1808",0,"Mujer",61,"Primaria"
"1809",0,"Mujer",48,"Primaria"
"1810",1,"Mujer",24,"Primaria"
"1811",1,"Hombre",35,"Primaria"
"1812",1,"Hombre",35,"Superiores"
"1813",1,"Mujer",29,"Medios universitarios"
"1814",1,"Mujer",40,"Secundaria"
"1815",1,"Hombre",27,"Primaria"
"1816",0,"Hombre",59,"Primaria"
"1817",0,"Mujer",56,"Primaria"
"1818",1,"Mujer",55,"Superiores"
"1819",0,"Mujer",80,"Medios universitarios"
"1820",1,"Hombre",19,"Primaria"
"1821",1,"Hombre",66,"Secundaria"
"1822",1,"Mujer",29,"Superiores"
"1823",1,"Mujer",41,"F.P."
"1824",1,"Hombre",55,"Secundaria"
"1825",1,"Hombre",30,"Primaria"
"1826",1,"Hombre",20,"Secundaria"
"1827",0,"Mujer",48,"F.P."
"1828",0,"Mujer",66,"Primaria"
"1829",0,"Mujer",75,"Primaria"
"1830",0,"Mujer",41,"Primaria"
"1831",1,"Hombre",31,"F.P."
"1832",1,"Mujer",34,"Superiores"
"1833",0,"Hombre",43,"Secundaria"
"1834",0,"Hombre",63,"Primaria"
"1835",1,"Hombre",66,"F.P."
"1836",0,"Hombre",64,"Primaria"
"1837",1,"Hombre",52,"Secundaria"
"1838",0,"Mujer",40,"Secundaria"
"1839",1,"Hombre",44,"Primaria"
"1840",0,"Mujer",59,"Primaria"
"1841",0,"Mujer",69,"F.P."
"1842",1,"Mujer",29,"F.P."
"1843",1,"Mujer",19,"Secundaria"
"1844",0,"Hombre",83,"Primaria"
"1845",1,"Hombre",33,"F.P."
"1846",0,"Mujer",64,"Medios universitarios"
"1847",0,"Hombre",67,"Primaria"
"1848",1,"Hombre",31,"F.P."
"1849",0,"Mujer",50,"Primaria"
"1850",1,"Mujer",24,"Superiores"
"1851",0,"Mujer",80,"Primaria"
"1852",1,"Hombre",37,"Superiores"
"1853",0,"Hombre",54,"Primaria"
"1854",1,"Hombre",39,"Secundaria"
"1855",1,"Hombre",26,"Medios universitarios"
"1856",1,"Mujer",20,"Secundaria"
"1857",0,"Mujer",60,"Primaria"
"1858",0,"Mujer",69,"Primaria"
"1859",1,"Mujer",34,"Medios universitarios"
"1860",1,"Hombre",49,"Primaria"
"1861",0,"Hombre",62,"Primaria"
"1862",1,"Mujer",45,"Primaria"
"1863",1,"Hombre",35,"Secundaria"
"1864",0,"Mujer",34,"F.P."
"1865",0,"Hombre",75,"Secundaria"
"1866",0,"Mujer",68,"Primaria"
"1867",0,"Hombre",47,"Primaria"
"1868",1,"Mujer",48,"Secundaria"
"1869",0,"Mujer",44,"Primaria"
"1870",1,"Hombre",25,"Primaria"
"1871",0,"Hombre",42,"F.P."
"1872",1,"Mujer",39,"Superiores"
"1873",0,"Mujer",76,"Primaria"
"1874",0,"Hombre",79,"Primaria"
"1875",1,"Mujer",25,"Primaria"
"1876",1,"Hombre",29,"Primaria"
"1877",0,"Mujer",58,"Sin estudios"
"1878",1,"Hombre",46,"F.P."
"1879",0,"Mujer",74,"Primaria"
"1880",0,"Hombre",68,"Primaria"
"1881",0,"Mujer",77,"Primaria"
"1882",1,"Mujer",25,"Primaria"
"1883",1,"Hombre",21,"Primaria"
"1884",1,"Hombre",38,"Superiores"
"1885",1,"Mujer",52,"Medios universitarios"
"1886",0,"Mujer",44,"Primaria"
"1887",1,"Hombre",27,"Medios universitarios"
"1888",1,"Mujer",34,"Primaria"
"1889",0,"Hombre",49,"Primaria"
"1890",1,"Hombre",28,"Primaria"
"1891",0,"Hombre",63,"Primaria"
"1892",1,"Mujer",44,"Medios universitarios"
"1893",0,"Mujer",56,"Primaria"
"1894",1,"Mujer",21,"Primaria"
"1895",1,"Mujer",70,"Medios universitarios"
"1896",1,"Hombre",43,"F.P."
"1897",1,"Hombre",45,"F.P."
"1898",0,"Mujer",50,"Primaria"
"1899",1,"Mujer",42,"Medios universitarios"
"1900",1,"Hombre",19,"Primaria"
"1901",1,"Mujer",31,"Superiores"
"1902",1,"Hombre",33,"F.P."
"1903",1,"Mujer",35,"Medios universitarios"
"1904",1,"Hombre",62,"Secundaria"
"1905",0,"Hombre",67,"Primaria"
"1906",1,"Mujer",19,"Primaria"
"1907",0,"Mujer",57,"Primaria"
"1908",1,"Hombre",26,"Primaria"
"1909",1,"Mujer",39,"Medios universitarios"
"1910",0,"Mujer",72,"Primaria"
"1911",1,"Hombre",23,"Primaria"
"1912",1,"Hombre",26,"Primaria"
"1913",0,"Hombre",39,"F.P."
"1914",0,"Mujer",49,"Primaria"
"1915",1,"Mujer",28,"F.P."
"1916",1,"Hombre",23,"Primaria"
"1917",1,"Mujer",25,"F.P."
"1918",0,"Hombre",61,"Primaria"
"1919",0,"Mujer",32,"Primaria"
"1920",0,"Hombre",33,"Secundaria"
"1921",1,"Mujer",34,"Primaria"
"1922",0,"Hombre",68,"Primaria"
"1923",1,"Mujer",42,"F.P."
"1924",1,"Mujer",37,"F.P."
"1925",1,"Hombre",43,"F.P."
"1926",0,"Mujer",93,"Primaria"
"1927",1,"Hombre",40,"Primaria"
"1928",1,"Mujer",18,"Primaria"
"1929",1,"Hombre",62,"Secundaria"
"1930",1,"Mujer",43,"Medios universitarios"
"1931",0,"Hombre",40,"Primaria"
"1932",0,"Mujer",59,"Primaria"
"1933",0,"Mujer",73,"Primaria"
"1934",1,"Hombre",32,"F.P."
"1935",0,"Hombre",45,"Primaria"
"1936",1,"Mujer",45,"Primaria"
"1937",1,"Hombre",61,"F.P."
"1938",0,"Mujer",66,"Primaria"
"1939",1,"Hombre",55,"Primaria"
"1940",1,"Mujer",50,"Primaria"
"1941",1,"Hombre",50,"Primaria"
"1942",0,"Mujer",39,"Sin estudios"
"1943",0,"Hombre",27,"Primaria"
"1944",0,"Mujer",51,"Primaria"
"1945",0,"Mujer",78,"F.P."
"1946",0,"Mujer",60,"Primaria"
"1947",0,"Hombre",80,"Primaria"
"1948",1,"Mujer",34,"F.P."
"1950",0,"Mujer",69,"Primaria"
"1951",1,"Hombre",27,"F.P."
"1952",0,"Hombre",45,"Primaria"
"1953",0,"Mujer",49,"F.P."
"1954",1,"Hombre",55,"F.P."
"1955",1,"Mujer",44,"F.P."
"1956",1,"Mujer",29,"Superiores"
"1957",1,"Hombre",34,"Superiores"
"1958",0,"Hombre",43,"Primaria"
"1959",0,"Hombre",24,"Primaria"
"1960",1,"Mujer",24,"F.P."
"1961",1,"Mujer",58,"Medios universitarios"
"1962",0,"Mujer",65,"Primaria"
"1963",1,"Mujer",24,"Superiores"
"1964",1,"Hombre",52,"F.P."
"1965",1,"Mujer",36,"Primaria"
"1966",1,"Mujer",29,"Superiores"
"1967",1,"Hombre",37,"F.P."
"1968",0,"Hombre",70,"Primaria"
"1969",0,"Hombre",86,"Primaria"
"1970",1,"Hombre",25,"Secundaria"
"1971",1,"Mujer",48,"Primaria"
"1972",0,"Hombre",41,"Primaria"
"1973",0,"Hombre",50,"Primaria"
"1974",1,"Mujer",21,"Medios universitarios"
"1975",0,"Mujer",70,"Primaria"
"1976",1,"Hombre",25,"F.P."
"1977",0,"Hombre",77,"Primaria"
"1978",0,"Mujer",63,"Primaria"
"1979",0,"Hombre",53,"Primaria"
"1980",1,"Mujer",28,"Primaria"
"1981",0,"Mujer",79,"Primaria"
"1982",1,"Mujer",24,"Superiores"
"1983",1,"Mujer",43,"F.P."
"1984",1,"Hombre",24,"Secundaria"
"1985",1,"Hombre",41,"Superiores"
"1986",1,"Mujer",32,"Superiores"
"1987",1,"Hombre",30,"Medios universitarios"
"1988",1,"Hombre",70,"Superiores"
"1989",1,"Hombre",32,"Superiores"
"1990",0,"Mujer",48,"Superiores"
"1991",1,"Mujer",40,"F.P."
"1992",1,"Mujer",51,"Medios universitarios"
"1993",0,"Mujer",65,"Primaria"
"1994",1,"Hombre",49,"F.P."
"1995",0,"Hombre",58,"Sin estudios"
"1996",1,"Hombre",32,"Primaria"
"1997",1,"Hombre",37,"Superiores"
"1998",1,"Mujer",22,"F.P."
"1999",1,"Hombre",22,"Secundaria"
"2000",0,"Mujer",60,"Primaria"
"2001",0,"Mujer",78,"F.P."
"2002",1,"Mujer",32,"Medios universitarios"
"2003",1,"Mujer",39,"Superiores"
"2004",1,"Hombre",54,"Superiores"
"2005",1,"Hombre",25,"Superiores"
"2006",1,"Hombre",39,"Medios universitarios"
"2007",1,"Hombre",32,"Primaria"
"2008",0,"Hombre",79,"F.P."
"2009",1,"Mujer",21,"Secundaria"
"2010",1,"Mujer",60,"Superiores"
"2011",0,"Mujer",71,"Sin estudios"
"2012",1,"Hombre",24,"Superiores"
"2013",1,"Mujer",50,"Medios universitarios"
"2014",1,"Hombre",64,"Superiores"
"2015",1,"Mujer",31,"F.P."
"2016",1,"Hombre",44,"Medios universitarios"
"2017",0,"Hombre",57,"Primaria"
"2018",0,"Mujer",54,"Primaria"
"2019",0,"Hombre",68,"Primaria"
"2020",1,"Mujer",30,"Medios universitarios"
"2021",1,"Hombre",46,"Superiores"
"2022",1,"Mujer",43,"Primaria"
"2023",0,"Mujer",55,"Primaria"
"2024",0,"Mujer",72,"Primaria"
"2025",0,"Hombre",26,"Primaria"
"2026",0,"Hombre",44,"Primaria"
"2027",0,"Mujer",75,"Primaria"
"2028",0,"Mujer",48,"Primaria"
"2029",0,"Hombre",71,"Primaria"
"2030",0,"Mujer",64,"Sin estudios"
"2031",0,"Hombre",52,"Primaria"
"2032",0,"Mujer",36,"Primaria"
"2033",0,"Hombre",40,"F.P."
"2034",1,"Hombre",30,"Secundaria"
"2035",0,"Hombre",49,"Sin estudios"
"2036",0,"Mujer",46,"Sin estudios"
"2037",0,"Hombre",22,"Primaria"
"2038",0,"Mujer",30,"Primaria"
"2039",1,"Hombre",44,"Primaria"
"2040",1,"Mujer",18,"Primaria"
"2041",1,"Mujer",35,"Primaria"
"2042",0,"Hombre",48,"Primaria"
"2043",0,"Mujer",63,"Primaria"
"2044",0,"Mujer",79,"Primaria"
"2045",1,"Mujer",40,"Superiores"
"2046",1,"Hombre",43,"F.P."
"2047",1,"Hombre",66,"Secundaria"
"2048",1,"Mujer",25,"F.P."
"2049",1,"Hombre",21,"Medios universitarios"
"2050",1,"Hombre",40,"Secundaria"
"2051",1,"Hombre",44,"Superiores"
"2052",1,"Mujer",41,"Primaria"
"2053",0,"Hombre",85,"Primaria"
"2054",0,"Mujer",73,"Sin estudios"
"2055",0,"Mujer",52,"Primaria"
"2056",0,"Hombre",50,"Primaria"
"2057",0,"Mujer",58,"Primaria"
"2060",0,"Hombre",58,"F.P."
"2061",1,"Mujer",41,"F.P."
"2062",0,"Mujer",50,"Primaria"
"2063",1,"Hombre",48,"Primaria"
"2064",1,"Mujer",26,"Primaria"
"2065",0,"Hombre",74,"Sin estudios"
"2066",0,"Mujer",78,"Sin estudios"
"2067",0,"Hombre",38,"F.P."
"2068",0,"Hombre",33,"F.P."
"2069",0,"Mujer",40,"Primaria"
"2070",0,"Hombre",45,"Primaria"
"2071",0,"Hombre",40,"Superiores"
"2072",0,"Mujer",43,"Primaria"
"2073",1,"Hombre",19,"Primaria"
"2074",0,"Mujer",64,"Primaria"
"2075",0,"Mujer",40,"F.P."
"2076",0,"Mujer",69,"Primaria"
"2077",1,"Mujer",31,"F.P."
"2078",0,"Hombre",51,"Primaria"
"2079",1,"Mujer",24,"F.P."
"2080",0,"Hombre",31,"Primaria"
"2081",1,"Hombre",30,"F.P."
"2082",0,"Hombre",62,"Primaria"
"2083",1,"Mujer",33,"Medios universitarios"
"2084",0,"Mujer",40,"Primaria"
"2085",1,"Hombre",42,"F.P."
"2086",0,"Mujer",60,"Primaria"
"2087",0,"Mujer",65,"Primaria"
"2088",0,"Mujer",62,"Sin estudios"
"2089",1,"Mujer",26,"Primaria"
"2090",0,"Mujer",79,"Sin estudios"
"2091",1,"Hombre",27,"Primaria"
"2092",1,"Hombre",38,"Primaria"
"2093",0,"Hombre",24,"Sin estudios"
"2094",0,"Hombre",46,"Primaria"
"2095",0,"Hombre",65,"Sin estudios"
"2096",0,"Mujer",24,"Primaria"
"2097",1,"Mujer",35,"Secundaria"
"2098",0,"Mujer",74,"Secundaria"
"2099",1,"Hombre",35,"F.P."
"2100",1,"Hombre",20,"F.P."
"2101",1,"Hombre",51,"Primaria"
"2102",0,"Hombre",64,"Primaria"
"2103",1,"Hombre",66,"Primaria"
"2104",0,"Mujer",60,"Primaria"
"2105",0,"Mujer",41,"Secundaria"
"2106",0,"Hombre",75,"Primaria"
"2107",1,"Mujer",45,"Secundaria"
"2108",1,"Hombre",44,"F.P."
"2109",1,"Hombre",61,"Primaria"
"2110",0,"Mujer",58,"Primaria"
"2111",0,"Mujer",78,"Sin estudios"
"2112",1,"Mujer",27,"Medios universitarios"
"2113",1,"Hombre",25,"Superiores"
"2114",1,"Hombre",43,"Secundaria"
"2115",1,"Hombre",20,"Primaria"
"2116",1,"Hombre",29,"Superiores"
"2117",1,"Mujer",43,"F.P."
"2118",0,"Mujer",58,"Primaria"
"2119",0,"Mujer",84,"F.P."
"2120",1,"Hombre",51,"Primaria"
"2121",1,"Mujer",22,"Superiores"
"2122",1,"Mujer",37,"Primaria"
"2123",1,"Mujer",34,"Primaria"
"2124",1,"Hombre",18,"Primaria"
"2125",0,"Hombre",65,"Primaria"
"2126",0,"Mujer",65,"Primaria"
"2127",0,"Hombre",32,"Primaria"
"2128",1,"Hombre",41,"F.P."
"2129",1,"Hombre",51,"Primaria"
"2130",0,"Mujer",51,"Primaria"
"2131",0,"Mujer",65,"Sin estudios"
"2132",0,"Hombre",43,"Primaria"
"2133",0,"Hombre",64,"Primaria"
"2134",1,"Hombre",37,"F.P."
"2135",1,"Mujer",34,"Primaria"
"2136",0,"Mujer",53,"F.P."
"2137",0,"Hombre",69,"Primaria"
"2138",1,"Mujer",19,"Primaria"
"2139",1,"Hombre",21,"F.P."
"2140",0,"Mujer",60,"Primaria"
"2141",1,"Mujer",39,"Superiores"
"2142",1,"Hombre",34,"Primaria"
"2143",0,"Hombre",48,"Primaria"
"2144",0,"Mujer",70,"Primaria"
"2145",1,"Mujer",25,"Medios universitarios"
"2146",1,"Hombre",21,"Secundaria"
"2147",1,"Hombre",64,"Primaria"
"2148",0,"Mujer",30,"Primaria"
"2149",0,"Mujer",38,"Primaria"
"2150",1,"Mujer",19,"Primaria"
"2151",0,"Hombre",76,"Primaria"
"2152",1,"Mujer",52,"Primaria"
"2153",0,"Mujer",81,"Sin estudios"
"2154",0,"Hombre",37,"F.P."
"2155",0,"Hombre",49,"F.P."
"2157",1,"Mujer",27,"Medios universitarios"
"2158",0,"Hombre",33,"F.P."
"2159",1,"Mujer",39,"Superiores"
"2160",0,"Hombre",74,"Sin estudios"
"2161",1,"Mujer",53,"Primaria"
"2162",0,"Hombre",61,"Secundaria"
"2163",1,"Hombre",35,"Secundaria"
"2164",0,"Mujer",83,"Sin estudios"
"2165",1,"Hombre",32,"Primaria"
"2166",0,"Mujer",78,"Primaria"
"2167",1,"Mujer",31,"F.P."
"2168",1,"Hombre",25,"Primaria"
"2169",0,"Hombre",54,"Primaria"
"2170",1,"Hombre",43,"F.P."
"2171",1,"Hombre",59,"Primaria"
"2172",0,"Hombre",69,"Primaria"
"2173",1,"Hombre",19,"Secundaria"
"2174",1,"Mujer",20,"Secundaria"
"2175",1,"Mujer",60,"Primaria"
"2176",0,"Mujer",47,"Primaria"
"2177",0,"Hombre",31,"Primaria"
"2178",1,"Mujer",33,"Superiores"
"2179",1,"Mujer",42,"Medios universitarios"
"2180",0,"Hombre",71,"Primaria"
"2181",1,"Hombre",60,"Superiores"
"2182",0,"Mujer",83,"Primaria"
"2183",1,"Mujer",49,"F.P."
"2184",1,"Hombre",43,"Primaria"
"2185",1,"Mujer",28,"Primaria"
"2186",0,"Hombre",43,"Secundaria"
"2187",0,"Mujer",45,"Primaria"
"2188",0,"Hombre",79,"Primaria"
"2189",1,"Hombre",20,"Secundaria"
"2190",1,"Mujer",20,"Medios universitarios"
"2191",1,"Mujer",38,"Superiores"
"2192",0,"Mujer",60,"Primaria"
"2193",1,"Mujer",27,"F.P."
"2194",1,"Hombre",26,"Superiores"
"2195",0,"Mujer",72,"Primaria"
"2196",0,"Mujer",42,"Primaria"
"2197",1,"Hombre",36,"F.P."
"2198",0,"Hombre",64,"Primaria"
"2199",1,"Hombre",46,"Primaria"
"2200",1,"Hombre",26,"Superiores"
"2201",1,"Mujer",34,"F.P."
"2202",1,"Mujer",37,"F.P."
"2203",0,"Mujer",54,"Primaria"
"2204",1,"Hombre",29,"Primaria"
"2205",1,"Hombre",21,"F.P."
"2206",0,"Hombre",36,"Primaria"
"2207",1,"Mujer",23,"F.P."
"2208",0,"Mujer",70,"Sin estudios"
"2209",1,"Hombre",45,"Primaria"
"2210",0,"Hombre",70,"Primaria"
"2211",0,"Mujer",61,"Primaria"
"2212",0,"Mujer",40,"Primaria"
"2213",1,"Mujer",24,"Primaria"
"2214",1,"Hombre",29,"Primaria"
"2215",0,"Hombre",59,"Primaria"
"2216",1,"Mujer",38,"F.P."
"2217",1,"Hombre",45,"F.P."
"2218",0,"Hombre",40,"Primaria"
"2219",0,"Mujer",82,"Sin estudios"
"2220",1,"Hombre",51,"F.P."
"2221",0,"Hombre",77,"Primaria"
"2222",1,"Mujer",28,"F.P."
"2223",1,"Mujer",54,"Primaria"
"2224",0,"Mujer",69,"Primaria"
"2225",1,"Hombre",39,"Secundaria"
"2226",1,"Mujer",23,"Primaria"
"2227",1,"Mujer",28,"Primaria"
"2228",1,"Hombre",30,"Primaria"
"2229",1,"Hombre",37,"Primaria"
"2230",0,"Mujer",42,"F.P."
"2231",1,"Hombre",46,"Superiores"
"2232",0,"Hombre",89,"Sin estudios"
"2233",1,"Hombre",26,"Primaria"
"2234",1,"Hombre",22,"Secundaria"
"2235",1,"Mujer",31,"Secundaria"
"2236",0,"Mujer",71,"Sin estudios"
"2237",1,"Hombre",59,"Superiores"
"2238",0,"Mujer",78,"Primaria"
"2239",1,"Hombre",41,"Primaria"
"2240",0,"Mujer",64,"Primaria"
"2241",0,"Mujer",39,"Primaria"
"2242",0,"Hombre",53,"Primaria"
"2243",1,"Hombre",33,"Primaria"
"2244",0,"Hombre",63,"Primaria"
"2245",1,"Hombre",33,"Secundaria"
"2246",1,"Mujer",43,"F.P."
"2247",1,"Hombre",38,"Primaria"
"2248",1,"Mujer",52,"Primaria"
"2249",0,"Mujer",38,"Primaria"
"2250",1,"Hombre",24,"Primaria"
"2251",1,"Hombre",41,"Primaria"
"2252",0,"Mujer",79,"Primaria"
"2253",1,"Mujer",46,"F.P."
"2254",1,"Mujer",59,"F.P."
"2255",1,"Mujer",40,"Primaria"
"2256",0,"Mujer",59,"Primaria"
"2257",1,"Mujer",25,"Medios universitarios"
"2258",0,"Mujer",77,"Sin estudios"
"2259",0,"Hombre",62,"Primaria"
"2260",1,"Hombre",28,"F.P."
"2261",1,"Hombre",33,"F.P."
"2262",1,"Hombre",36,"Medios universitarios"
"2263",1,"Hombre",38,"Primaria"
"2264",1,"Hombre",34,"Primaria"
"2265",1,"Mujer",49,"Primaria"
"2266",0,"Mujer",60,"Secundaria"
"2267",1,"Hombre",80,"Superiores"
"2268",1,"Mujer",66,"Medios universitarios"
"2269",1,"Hombre",45,"Primaria"
"2270",1,"Mujer",39,"Superiores"
"2271",1,"Hombre",42,"F.P."
"2272",0,"Hombre",59,"Primaria"
"2273",1,"Mujer",67,"Primaria"
"2274",1,"Mujer",31,"Medios universitarios"
"2275",1,"Mujer",54,"Primaria"
"2276",0,"Hombre",62,"Superiores"
"2277",1,"Mujer",39,"Medios universitarios"
"2278",1,"Hombre",28,"Medios universitarios"
"2279",1,"Hombre",70,"Superiores"
"2280",0,"Mujer",58,"Primaria"
"2281",1,"Mujer",45,"Primaria"
"2282",0,"Mujer",65,"Primaria"
"2283",1,"Hombre",37,"Primaria"
"2284",0,"Hombre",46,"Primaria"
"2285",1,"Mujer",32,"Primaria"
"2286",0,"Hombre",70,"Sin estudios"
"2287",1,"Hombre",33,"Primaria"
"2288",1,"Mujer",21,"F.P."
"2289",1,"Hombre",70,"Superiores"
"2290",1,"Hombre",47,"F.P."
"2291",1,"Mujer",30,"Medios universitarios"
"2292",1,"Hombre",56,"Superiores"
"2293",0,"Mujer",68,"Primaria"
"2294",1,"Mujer",56,"Primaria"
"2295",1,"Hombre",28,"Secundaria"
"2296",1,"Mujer",22,"Medios universitarios"
"2297",1,"Mujer",49,"Primaria"
"2298",0,"Hombre",72,"Primaria"
"2299",1,"Hombre",24,"Primaria"
"2300",1,"Hombre",59,"Sin estudios"
"2301",1,"Hombre",40,"F.P."
"2302",0,"Mujer",40,"Primaria"
"2303",0,"Mujer",65,"Primaria"
"2304",1,"Mujer",27,"F.P."
"2305",0,"Mujer",49,"Primaria"
"2306",0,"Hombre",72,"Superiores"
"2307",1,"Mujer",32,"Secundaria"
"2308",0,"Mujer",65,"Primaria"
"2309",1,"Hombre",31,"Medios universitarios"
"2310",1,"Hombre",20,"F.P."
"2311",1,"Mujer",18,"Secundaria"
"2312",1,"Hombre",36,"F.P."
"2313",0,"Mujer",60,"Primaria"
"2314",1,"Mujer",28,"Secundaria"
"2315",0,"Mujer",39,"F.P."
"2316",1,"Mujer",45,"Superiores"
"2317",1,"Hombre",47,"F.P."
"2318",1,"Hombre",41,"Superiores"
"2319",0,"Hombre",75,"Primaria"
"2320",1,"Mujer",48,"Medios universitarios"
"2321",1,"Mujer",44,"Primaria"
"2322",1,"Mujer",32,"Superiores"
"2323",1,"Hombre",63,"Primaria"
"2324",0,"Hombre",58,"Primaria"
"2325",0,"Mujer",79,"Primaria"
"2326",0,"Hombre",73,"Primaria"
"2327",1,"Hombre",28,"Primaria"
"2328",1,"Hombre",18,"Primaria"
"2329",0,"Hombre",37,"Primaria"
"2330",1,"Mujer",53,"Primaria"
"2331",0,"Mujer",43,"Primaria"
"2332",1,"Hombre",50,"Primaria"
"2333",0,"Hombre",74,"Primaria"
"2334",0,"Mujer",80,"Sin estudios"
"2335",0,"Mujer",68,"Sin estudios"
"2336",0,"Mujer",77,"Primaria"
"2337",1,"Hombre",27,"Medios universitarios"
"2338",0,"Mujer",32,"F.P."
"2339",1,"Mujer",48,"Superiores"
"2340",1,"Hombre",24,"Primaria"
"2341",0,"Mujer",64,"Primaria"
"2342",1,"Mujer",23,"F.P."
"2343",1,"Hombre",18,"Secundaria"
"2344",1,"Hombre",54,"F.P."
"2345",0,"Mujer",64,"Primaria"
"2346",0,"Mujer",65,"Primaria"
"2347",0,"Mujer",39,"F.P."
"2348",1,"Hombre",35,"Primaria"
"2349",0,"Hombre",63,"Primaria"
"2350",1,"Mujer",45,"Primaria"
"2351",1,"Mujer",33,"Primaria"
"2352",1,"Mujer",23,"Primaria"
"2353",0,"Hombre",69,"Primaria"
"2354",0,"Mujer",61,"Primaria"
"2355",0,"Mujer",67,"Primaria"
"2356",1,"Hombre",28,"F.P."
"2357",1,"Hombre",36,"Primaria"
"2358",0,"Mujer",49,"F.P."
"2359",1,"Hombre",55,"Primaria"
"2360",0,"Hombre",40,"Primaria"
"2361",1,"Mujer",36,"Primaria"
"2362",1,"Hombre",25,"F.P."
"2363",0,"Hombre",65,"Primaria"
"2364",1,"Mujer",34,"F.P."
"2365",0,"Mujer",87,"Primaria"
"2366",0,"Hombre",50,"Primaria"
"2367",0,"Hombre",30,"Primaria"
"2368",0,"Hombre",84,"Primaria"
"2369",1,"Hombre",36,"Superiores"
"2370",1,"Hombre",48,"Superiores"
"2371",1,"Hombre",28,"Superiores"
"2372",0,"Hombre",64,"F.P."
"2373",0,"Mujer",43,"F.P."
"2374",0,"Mujer",45,"Primaria"
"2375",0,"Mujer",64,"Primaria"
"2376",1,"Hombre",64,"Superiores"
"2377",1,"Hombre",80,"Superiores"
"2378",0,"Mujer",80,"Primaria"
"2379",1,"Mujer",39,"Superiores"
"2380",0,"Mujer",67,"Primaria"
"2381",0,"Mujer",69,"Primaria"
"2382",1,"Hombre",41,"F.P."
"2383",1,"Mujer",20,"Superiores"
"2384",1,"Mujer",45,"F.P."
"2385",0,"Hombre",64,"F.P."
"2386",0,"Hombre",71,"Primaria"
"2387",1,"Mujer",41,"F.P."
"2388",1,"Hombre",27,"F.P."
"2389",0,"Mujer",59,"Primaria"
"2390",0,"Hombre",58,"F.P."
"2391",1,"Mujer",29,"Primaria"
"2392",0,"Mujer",69,"Primaria"
"2393",0,"Mujer",57,"Primaria"
"2394",0,"Hombre",66,"Primaria"
"2395",0,"Hombre",50,"Primaria"
"2396",0,"Mujer",49,"Secundaria"
"2397",1,"Hombre",19,"Secundaria"
"2398",0,"Mujer",82,"Primaria"
"2399",1,"Hombre",33,"Primaria"
"2400",1,"Mujer",43,"Superiores"
"2401",1,"Hombre",41,"Superiores"
"2402",0,"Hombre",48,"Primaria"
"2403",1,"Mujer",25,"Superiores"
"2404",1,"Mujer",28,"Superiores"
"2405",1,"Hombre",40,"F.P."
"2406",1,"Hombre",47,"Primaria"
"2407",0,"Mujer",41,"Primaria"
"2408",0,"Mujer",55,"Primaria"
"2409",0,"Mujer",70,"Primaria"
"2410",1,"Mujer",30,"Superiores"
"2411",1,"Hombre",33,"Secundaria"
"2412",1,"Mujer",21,"F.P."
"2413",1,"Hombre",65,"F.P."
"2414",0,"Mujer",56,"Primaria"
"2415",1,"Hombre",39,"Primaria"
"2416",0,"Hombre",44,"Primaria"
"2417",1,"Mujer",44,"F.P."
"2418",0,"Hombre",82,"Sin estudios"
"2419",0,"Mujer",78,"Sin estudios"
"2420",0,"Mujer",56,"F.P."
"2421",0,"Hombre",46,"Secundaria"
"2422",0,"Hombre",61,"Sin estudios"
"2423",1,"Mujer",21,"F.P."
"2424",1,"Hombre",23,"Medios universitarios"
"2425",1,"Mujer",25,"Medios universitarios"
"2426",0,"Mujer",81,"Sin estudios"
"2427",0,"Mujer",53,"Primaria"
"2428",0,"Mujer",68,"Primaria"
"2429",0,"Hombre",35,"Primaria"
"2430",1,"Hombre",29,"Primaria"
"2431",0,"Mujer",43,"Primaria"
"2432",0,"Hombre",53,"Primaria"
"2433",0,"Hombre",82,"Primaria"
"2434",0,"Mujer",38,"Primaria"
"2435",1,"Hombre",29,"Secundaria"
"2436",1,"Mujer",48,"Secundaria"
"2437",1,"Hombre",44,"Primaria"
"2438",1,"Mujer",33,"Secundaria"
"2439",1,"Hombre",21,"Primaria"
"2440",1,"Hombre",49,"Medios universitarios"
"2441",0,"Mujer",56,"F.P."
"2442",1,"Hombre",39,"F.P."
"2443",0,"Mujer",46,"F.P."
"2444",1,"Mujer",28,"Medios universitarios"
"2445",1,"Hombre",29,"F.P."
"2446",1,"Mujer",35,"Primaria"
"2447",0,"Mujer",60,"Primaria"
"2448",0,"Mujer",70,"Primaria"
"2449",1,"Mujer",21,"F.P."
"2450",0,"Hombre",64,"Primaria"
"2451",0,"Hombre",72,"Primaria"
"2452",0,"Mujer",62,"Primaria"
"2453",0,"Mujer",66,"Primaria"
"2454",0,"Hombre",60,"Primaria"
"2455",1,"Hombre",31,"Secundaria"
"2456",0,"Hombre",53,"Primaria"
"2457",0,"Hombre",82,"Primaria"
"2458",0,"Mujer",34,"Primaria"
"2459",1,"Mujer",44,"Superiores"
"2460",0,"Hombre",74,"Primaria"
"2461",0,"Mujer",77,"Primaria"
"2462",1,"Hombre",51,"Superiores"
"2463",1,"Hombre",38,"Secundaria"
"2464",0,"Mujer",80,"Primaria"
"2465",1,"Mujer",33,"F.P."
"2466",1,"Hombre",21,"F.P."
"2467",0,"Mujer",54,"Primaria"
"2468",1,"Hombre",27,"Primaria"
"2469",0,"Mujer",64,"Sin estudios"
"2470",0,"Hombre",92,"Sin estudios"
"2471",1,"Hombre",43,"Primaria"
"2472",1,"Mujer",18,"Secundaria"
"2473",0,"Mujer",54,"Primaria"
"2474",1,"Hombre",31,"Secundaria"
"2475",0,"Hombre",52,"Primaria"
